기기ID,교체일자,부품명,부품규격,교체수량,부품비(원),공임(원),교체사유,담당자
EQ0001,2023-04-19,케이싱,41mm,4,146898,22192,손상,김철수
EQ0001,2023-05-12,베어링,73mm,2,19409,34795,정기교체,박준호
EQ0001,2023-06-30,로드,69mm,1,133411,64036,노후,이영희
EQ0002,2023-01-28,씰,15mm,2,79650,88120,정기교체,김철수
EQ0002,2023-02-06,케이싱,32mm,1,98295,25278,손상,정수현
EQ0002,2024-03-31,베어링,12mm,1,89630,32988,마모,최민준
EQ0002,2024-08-10,임펠러,33mm,4,96391,25242,손상,정수현
EQ0003,2023-02-18,스프링,79mm,3,40961,53844,노후,정수현
EQ0003,2023-03-15,권선,94mm,4,191261,51559,노후,이영희
EQ0003,2024-01-30,케이싱,67mm,1,151016,88041,노후,이영희
EQ0003,2024-02-24,임펠러,84mm,3,118001,71866,성능저하,김철수
EQ0003,2024-07-05,로드,14mm,4,113278,71454,정기교체,정수현
EQ0004,2023-09-18,임펠러,83mm,1,171464,64531,정기교체,박준호
EQ0004,2023-11-25,씰,42mm,2,92922,82222,노후,박준호
EQ0004,2024-01-04,씰,41mm,2,130003,20207,노후,이영희
EQ0004,2024-05-18,밸브시트,93mm,2,54185,65707,정기교체,박준호
EQ0005,2023-06-05,권선,74mm,3,119433,92593,성능저하,박준호
EQ0005,2024-04-29,밸브시트,48mm,4,81036,49666,마모,최민준
EQ0005,2024-05-21,로드,89mm,2,111085,69269,정기교체,김철수
EQ0005,2024-07-20,임펠러,26mm,4,50694,62612,성능저하,이영희
EQ0005,2024-08-16,피스톤,80mm,1,26696,28354,노후,정수현
EQ0006,2023-08-28,피스톤,74mm,4,61771,44303,손상,이영희
EQ0006,2024-01-12,베어링,42mm,4,174238,75782,마모,박준호
EQ0007,2023-01-18,권선,31mm,4,82590,63468,손상,김철수
EQ0007,2023-02-22,필터,39mm,2,178964,48484,노후,정수현
EQ0007,2023-10-13,케이싱,10mm,4,124426,57362,성능저하,박준호
EQ0008,2023-03-30,로드,50mm,3,54329,23045,노후,이영희
EQ0008,2023-06-04,밸브시트,46mm,2,44764,70493,노후,김철수
EQ0008,2023-11-09,피스톤,72mm,1,147586,57668,손상,최민준
EQ0008,2023-12-24,스프링,38mm,3,197210,99133,노후,이영희
EQ0008,2024-06-10,권선,43mm,2,147424,86941,성능저하,정수현
EQ0009,2023-01-21,필터,95mm,1,150199,55536,노후,김철수
EQ0009,2023-10-04,스프링,66mm,2,108736,53777,손상,정수현
EQ0010,2023-06-05,권선,20mm,1,47365,66233,손상,최민준
EQ0010,2023-11-28,필터,73mm,2,57941,96312,성능저하,이영희
EQ0010,2024-05-06,필터,24mm,3,48056,76965,마모,김철수
EQ0011,2023-04-22,권선,18mm,3,167298,96202,성능저하,박준호
EQ0011,2023-11-03,임펠러,99mm,2,40949,45853,성능저하,이영희
EQ0011,2023-12-05,씰,48mm,2,142568,81263,노후,최민준
EQ0011,2024-03-07,임펠러,72mm,4,72284,25690,노후,최민준
EQ0012,2023-01-11,씰,37mm,2,190555,59913,성능저하,김철수
EQ0012,2023-11-01,케이싱,10mm,3,158079,70199,정기교체,최민준
EQ0012,2024-07-09,베어링,88mm,2,41475,36926,성능저하,이영희
EQ0013,2023-06-30,케이싱,92mm,2,171881,71742,노후,최민준
EQ0014,2023-02-09,필터,79mm,4,42657,58217,정기교체,박준호
EQ0014,2023-03-22,필터,27mm,4,145655,81226,마모,김철수
EQ0014,2023-03-30,밸브시트,56mm,1,53153,68657,손상,최민준
EQ0014,2023-05-15,스프링,53mm,4,162754,67442,정기교체,정수현
EQ0014,2024-01-13,케이싱,37mm,1,152248,77498,마모,이영희
EQ0015,2023-10-22,씰,94mm,1,88385,90144,성능저하,최민준
EQ0015,2023-11-24,씰,44mm,3,103722,34978,정기교체,김철수
EQ0016,2023-06-11,필터,80mm,1,138956,77707,성능저하,김철수
EQ0017,2023-10-31,필터,25mm,3,70865,52408,손상,정수현
EQ0018,2023-05-16,밸브시트,24mm,2,88771,25189,성능저하,이영희
EQ0018,2024-03-04,로드,12mm,2,50526,58153,노후,이영희
EQ0019,2023-06-26,피스톤,35mm,3,160978,40802,마모,이영희
EQ0019,2024-01-05,밸브시트,87mm,2,46994,27692,정기교체,김철수
EQ0019,2024-07-05,케이싱,36mm,2,131389,24540,손상,이영희
EQ0020,2023-02-26,씰,19mm,1,172750,39282,노후,이영희
EQ0020,2023-07-02,스프링,22mm,3,138929,35637,성능저하,박준호
EQ0021,2023-06-23,피스톤,82mm,2,35268,97776,노후,김철수
EQ0021,2023-11-12,베어링,79mm,1,74758,45678,노후,박준호
EQ0021,2023-12-05,피스톤,50mm,4,141589,97961,마모,정수현
EQ0021,2024-04-17,밸브시트,11mm,1,58139,33227,손상,정수현
EQ0022,2023-07-02,베어링,12mm,1,157258,79085,성능저하,최민준
EQ0022,2023-08-25,씰,92mm,1,154517,21867,마모,박준호
EQ0022,2023-12-21,스프링,32mm,1,174943,88713,마모,박준호
EQ0022,2024-02-17,씰,81mm,3,106633,38430,손상,이영희
EQ0022,2024-05-03,씰,86mm,2,185859,21299,마모,정수현
EQ0023,2023-03-10,밸브시트,57mm,2,84478,35840,마모,박준호
EQ0023,2023-05-10,밸브시트,35mm,1,90068,59828,손상,정수현
EQ0023,2023-07-30,임펠러,81mm,3,90037,75509,노후,정수현
EQ0023,2023-09-21,케이싱,66mm,1,73756,99268,손상,정수현
EQ0024,2023-01-03,로드,79mm,4,58505,25117,마모,박준호
EQ0025,2023-03-27,밸브시트,55mm,3,16137,55644,마모,이영희
EQ0025,2024-02-08,밸브시트,50mm,3,115153,26686,손상,박준호
EQ0025,2024-03-17,스프링,64mm,2,60029,54654,정기교체,김철수
EQ0026,2023-06-21,케이싱,97mm,4,14991,25202,정기교체,정수현
EQ0026,2023-07-08,로드,87mm,3,84916,97340,정기교체,김철수
EQ0026,2024-02-29,필터,38mm,3,36474,58886,손상,최민준
EQ0026,2024-04-23,케이싱,10mm,2,100685,35178,정기교체,이영희
EQ0026,2024-06-28,베어링,22mm,2,174033,44839,성능저하,김철수
EQ0027,2024-01-30,베어링,48mm,2,25903,31309,성능저하,최민준
EQ0027,2024-04-09,케이싱,22mm,1,105862,86156,마모,이영희
EQ0028,2023-07-20,스프링,71mm,4,183473,93071,정기교체,이영희
EQ0028,2024-03-25,밸브시트,31mm,2,25106,53837,손상,정수현
EQ0028,2024-06-03,권선,24mm,4,117686,70551,성능저하,정수현
EQ0029,2023-02-23,로드,51mm,1,39925,73989,성능저하,정수현
EQ0029,2023-08-24,씰,90mm,1,94853,88045,노후,김철수
EQ0029,2023-09-27,로드,44mm,2,115654,75036,노후,정수현
EQ0029,2023-10-15,임펠러,90mm,2,188769,42694,마모,김철수
EQ0030,2024-06-22,권선,47mm,2,165531,83913,정기교체,이영희
EQ0031,2023-03-23,로드,87mm,1,172591,83386,손상,박준호
EQ0031,2023-06-30,케이싱,49mm,1,103606,92585,정기교체,이영희
EQ0031,2023-07-15,권선,39mm,2,173941,56603,손상,최민준
EQ0031,2023-09-23,밸브시트,70mm,3,50975,61520,손상,김철수
EQ0031,2023-10-13,베어링,64mm,4,102192,36941,마모,김철수
EQ0032,2023-01-10,권선,58mm,1,45022,68707,성능저하,이영희
EQ0032,2023-05-19,케이싱,99mm,4,48399,85665,정기교체,박준호
EQ0033,2023-04-07,스프링,70mm,4,21058,32218,손상,최민준
EQ0033,2023-11-12,권선,61mm,4,35552,33629,손상,박준호
EQ0033,2023-12-25,임펠러,13mm,3,138557,90809,손상,정수현
EQ0033,2024-03-04,밸브시트,54mm,3,184446,66908,정기교체,정수현
EQ0034,2023-08-18,로드,53mm,4,33988,53301,손상,최민준
EQ0035,2023-09-03,필터,80mm,1,135085,39369,마모,이영희
EQ0036,2024-08-05,필터,41mm,2,28506,83625,노후,박준호
EQ0037,2023-02-16,씰,36mm,2,78907,20157,노후,박준호
EQ0037,2023-02-24,씰,80mm,1,96117,44105,성능저하,박준호
EQ0037,2023-07-27,베어링,69mm,2,116643,97171,정기교체,이영희
EQ0037,2023-09-04,로드,32mm,3,115525,94493,성능저하,정수현
EQ0037,2024-06-11,피스톤,70mm,4,176887,46497,정기교체,이영희
EQ0038,2023-10-19,씰,53mm,1,196154,78095,마모,박준호
EQ0038,2024-01-23,베어링,33mm,1,63371,40954,손상,이영희
EQ0038,2024-04-30,로드,69mm,2,158360,22910,손상,이영희
EQ0039,2024-05-12,로드,83mm,2,164026,69594,노후,이영희
EQ0040,2024-01-06,스프링,52mm,4,141097,30401,노후,이영희
EQ0040,2024-03-26,피스톤,47mm,3,94615,35231,노후,정수현
EQ0040,2024-06-16,임펠러,35mm,4,17755,98920,노후,이영희
EQ0041,2023-01-09,피스톤,59mm,2,107904,75049,성능저하,이영희
EQ0041,2023-01-20,피스톤,25mm,3,41041,89034,노후,이영희
EQ0041,2023-04-27,임펠러,57mm,4,48355,79389,노후,정수현
EQ0041,2023-04-28,씰,46mm,1,88053,36943,정기교체,박준호
EQ0041,2023-07-24,권선,26mm,2,98563,76499,노후,박준호
EQ0042,2023-09-21,스프링,84mm,1,64100,90996,노후,김철수
EQ0042,2023-10-23,베어링,55mm,3,142774,77873,마모,이영희
EQ0042,2023-12-23,임펠러,75mm,3,100230,92750,성능저하,박준호
EQ0043,2023-09-20,임펠러,27mm,2,81164,49093,마모,최민준
EQ0043,2024-01-29,필터,22mm,2,162135,67574,손상,정수현
EQ0043,2024-05-11,로드,61mm,4,103988,28017,노후,정수현
EQ0043,2024-06-16,베어링,23mm,4,61955,57308,마모,이영희
EQ0044,2023-04-17,로드,11mm,4,45608,80840,마모,김철수
EQ0045,2023-01-03,씰,19mm,1,62079,78074,노후,최민준
EQ0045,2023-08-12,베어링,29mm,4,156485,60633,정기교체,김철수
EQ0045,2023-11-29,케이싱,24mm,1,68697,55903,마모,김철수
EQ0045,2024-07-17,필터,83mm,1,194783,33322,성능저하,박준호
EQ0046,2024-02-09,임펠러,42mm,2,60578,93603,성능저하,김철수
EQ0046,2024-08-15,스프링,79mm,4,154254,91758,노후,김철수
EQ0047,2023-08-20,권선,57mm,3,149646,58597,성능저하,박준호
EQ0047,2024-05-30,권선,75mm,2,93545,35789,손상,최민준
EQ0048,2023-02-18,밸브시트,81mm,3,155092,27420,성능저하,박준호
EQ0048,2023-03-15,피스톤,79mm,2,95417,41880,마모,박준호
EQ0048,2023-11-19,권선,15mm,1,167961,45979,정기교체,최민준
EQ0049,2023-01-28,권선,67mm,1,23595,86857,마모,정수현
EQ0049,2023-10-06,씰,14mm,2,120710,25756,손상,최민준
EQ0049,2023-12-15,베어링,64mm,1,146750,84882,성능저하,이영희
EQ0049,2023-12-23,밸브시트,87mm,2,101337,68162,정기교체,정수현
EQ0050,2024-05-12,필터,16mm,2,192713,46433,성능저하,이영희
EQ0051,2023-10-21,스프링,23mm,3,71012,91819,마모,박준호
EQ0052,2024-05-02,밸브시트,57mm,1,188257,89419,성능저하,이영희
EQ0053,2023-08-16,베어링,78mm,2,194806,57834,손상,김철수
EQ0053,2023-08-28,스프링,86mm,1,87267,96716,마모,이영희
EQ0053,2023-11-11,로드,27mm,3,60748,85657,손상,최민준
EQ0053,2024-02-19,필터,91mm,1,132104,34407,노후,정수현
EQ0053,2024-07-03,로드,65mm,3,27628,43249,손상,박준호
EQ0054,2023-08-14,권선,60mm,2,114152,87881,노후,박준호
EQ0054,2024-05-14,필터,87mm,2,103039,58024,정기교체,정수현
EQ0054,2024-07-30,케이싱,55mm,4,103393,76929,성능저하,김철수
EQ0055,2023-01-19,필터,49mm,2,28854,75046,성능저하,박준호
EQ0055,2023-03-09,필터,44mm,3,69489,57896,노후,이영희
EQ0055,2023-04-12,권선,77mm,2,148973,30001,정기교체,정수현
EQ0055,2023-09-28,필터,23mm,4,28167,30067,성능저하,박준호
EQ0055,2024-03-02,임펠러,84mm,1,184642,46851,손상,정수현
EQ0056,2024-01-22,권선,63mm,2,146492,29779,정기교체,이영희
EQ0056,2024-03-05,임펠러,65mm,4,54793,51291,정기교체,최민준
EQ0056,2024-06-26,밸브시트,13mm,3,62832,99551,마모,김철수
EQ0056,2024-08-06,로드,99mm,4,116809,71774,손상,박준호
EQ0057,2023-01-02,베어링,21mm,4,199899,89428,손상,정수현
EQ0057,2023-02-19,피스톤,35mm,3,106905,33095,마모,최민준
EQ0057,2023-05-29,로드,64mm,1,85495,35383,정기교체,정수현
EQ0057,2023-12-13,씰,67mm,4,190199,35828,성능저하,정수현
EQ0058,2023-06-16,베어링,32mm,1,84569,85820,마모,최민준
EQ0058,2024-03-19,권선,25mm,1,109333,52297,노후,최민준
EQ0059,2023-01-13,베어링,21mm,1,199167,28461,손상,박준호
EQ0059,2024-03-07,필터,33mm,1,132512,54843,노후,정수현
EQ0059,2024-06-24,임펠러,95mm,4,38512,38403,정기교체,이영희
EQ0059,2024-08-10,스프링,21mm,4,33519,86776,손상,박준호
EQ0060,2023-06-20,로드,46mm,1,13293,23459,성능저하,김철수
EQ0060,2023-07-19,필터,76mm,2,115296,33850,정기교체,최민준
EQ0060,2023-08-28,필터,40mm,4,16521,59123,마모,최민준
EQ0060,2023-09-03,권선,42mm,3,57369,94531,정기교체,최민준
EQ0060,2024-02-08,로드,78mm,4,85253,91773,정기교체,이영희
EQ0061,2023-02-07,임펠러,55mm,3,141717,91420,정기교체,이영희
EQ0061,2023-03-20,밸브시트,74mm,1,177891,71382,손상,박준호
EQ0061,2023-07-27,밸브시트,72mm,2,107259,59605,마모,정수현
EQ0061,2024-01-03,베어링,88mm,2,69710,25224,마모,최민준
EQ0061,2024-02-12,씰,42mm,4,45401,89037,손상,김철수
EQ0062,2023-02-22,권선,38mm,2,171284,71567,마모,정수현
EQ0062,2023-03-19,피스톤,25mm,4,58198,81619,성능저하,정수현
EQ0062,2024-03-25,케이싱,72mm,1,155538,58121,손상,이영희
EQ0062,2024-06-07,스프링,29mm,3,173413,49471,성능저하,이영희
EQ0063,2023-11-01,스프링,62mm,2,76300,40519,마모,박준호
EQ0063,2023-11-20,피스톤,56mm,3,82335,29974,정기교체,김철수
EQ0063,2024-02-13,씰,76mm,4,16997,94910,정기교체,박준호
EQ0063,2024-06-24,임펠러,39mm,4,196504,97568,마모,정수현
EQ0064,2023-06-30,케이싱,11mm,1,43978,34211,마모,이영희
EQ0064,2023-09-13,밸브시트,62mm,1,60543,55027,정기교체,최민준
EQ0065,2023-09-26,스프링,95mm,4,148303,31214,마모,최민준
EQ0065,2024-04-12,필터,15mm,2,156692,42844,노후,박준호
EQ0065,2024-08-04,스프링,19mm,4,120859,60902,마모,이영희
EQ0066,2023-02-24,케이싱,98mm,4,82620,63848,성능저하,정수현
EQ0066,2023-06-05,로드,60mm,1,48729,79460,노후,정수현
EQ0066,2024-03-29,임펠러,81mm,4,75262,42065,정기교체,김철수
EQ0067,2023-11-13,권선,33mm,4,177279,90231,마모,정수현
EQ0068,2023-01-20,임펠러,36mm,2,36633,30939,노후,박준호
EQ0068,2023-04-30,베어링,56mm,4,109528,97977,정기교체,정수현
EQ0068,2023-10-30,베어링,33mm,4,193472,51619,손상,김철수
EQ0068,2024-02-19,씰,63mm,2,134412,66075,성능저하,박준호
EQ0069,2023-01-24,씰,72mm,4,196770,78431,성능저하,최민준
EQ0069,2023-03-09,피스톤,79mm,4,113371,95822,마모,이영희
EQ0069,2023-05-22,로드,43mm,2,11782,62167,정기교체,김철수
EQ0069,2023-08-14,로드,94mm,2,164903,81439,성능저하,최민준
EQ0069,2024-03-20,로드,29mm,4,106169,78190,노후,김철수
EQ0070,2023-01-07,밸브시트,52mm,4,124003,44618,정기교체,김철수
EQ0070,2023-08-27,스프링,53mm,1,12733,89603,마모,정수현
EQ0071,2023-09-29,씰,35mm,4,63020,57344,손상,박준호
EQ0071,2023-11-23,베어링,24mm,1,89752,46399,손상,박준호
EQ0071,2024-07-01,씰,75mm,1,81176,23410,정기교체,정수현
EQ0072,2023-03-20,씰,95mm,4,125306,23303,손상,박준호
EQ0072,2024-04-05,피스톤,58mm,1,37230,36466,정기교체,김철수
EQ0072,2024-06-26,피스톤,70mm,1,140174,82759,손상,이영희
EQ0072,2024-07-24,피스톤,35mm,2,158993,63937,노후,박준호
EQ0073,2023-05-04,베어링,56mm,4,20594,36992,성능저하,이영희
EQ0073,2023-07-22,케이싱,79mm,4,99236,63388,마모,이영희
EQ0073,2023-07-28,임펠러,12mm,3,190607,31355,손상,김철수
EQ0073,2024-04-20,로드,88mm,3,173175,46350,마모,이영희
EQ0073,2024-07-26,케이싱,69mm,1,25188,64777,손상,박준호
EQ0074,2023-03-19,필터,82mm,4,113427,24178,노후,정수현
EQ0074,2023-04-28,로드,99mm,3,157020,43639,정기교체,최민준
EQ0074,2023-12-03,씰,84mm,2,126011,93304,성능저하,김철수
EQ0074,2024-05-07,밸브시트,74mm,1,170090,73781,노후,박준호
EQ0075,2023-10-16,씰,47mm,2,120329,60508,마모,이영희
EQ0075,2023-10-26,베어링,30mm,1,179132,73350,성능저하,김철수
EQ0075,2023-10-28,케이싱,21mm,4,37238,66086,마모,이영희
EQ0075,2024-03-12,밸브시트,56mm,4,106628,20982,정기교체,최민준
EQ0075,2024-03-26,베어링,11mm,4,64165,97670,노후,이영희
EQ0076,2023-02-17,밸브시트,36mm,3,149724,72861,성능저하,김철수
EQ0076,2023-06-18,스프링,88mm,3,90110,43093,성능저하,김철수
EQ0076,2023-12-26,임펠러,48mm,3,125571,26663,손상,이영희
EQ0077,2023-04-06,로드,62mm,4,166009,53224,손상,김철수
EQ0078,2023-02-08,스프링,53mm,3,100461,34202,성능저하,최민준
EQ0078,2024-01-15,로드,89mm,1,151902,68215,손상,이영희
EQ0079,2023-11-21,임펠러,48mm,1,124785,74758,정기교체,정수현
EQ0079,2024-04-16,스프링,40mm,4,160902,62365,성능저하,최민준
EQ0080,2023-02-10,씰,39mm,3,154947,82742,성능저하,정수현
EQ0080,2023-05-04,씰,60mm,3,49293,23578,마모,정수현
EQ0080,2024-04-30,씰,62mm,3,23672,34508,정기교체,박준호
EQ0080,2024-05-03,스프링,50mm,1,72406,58703,마모,최민준
EQ0081,2023-02-18,씰,56mm,3,192936,67659,정기교체,정수현
EQ0082,2023-06-17,임펠러,85mm,1,121441,54934,마모,이영희
EQ0082,2023-06-23,베어링,68mm,3,55006,78641,손상,김철수
EQ0082,2023-08-03,스프링,25mm,3,195327,36664,손상,이영희
EQ0082,2024-04-23,로드,15mm,4,95787,40744,정기교체,김철수
EQ0083,2024-06-15,로드,63mm,4,92147,71765,노후,최민준
EQ0084,2023-07-28,임펠러,91mm,2,144618,66622,성능저하,이영희
EQ0084,2023-08-13,피스톤,32mm,3,93716,39628,노후,박준호
EQ0085,2023-01-08,임펠러,28mm,2,108038,45957,노후,이영희
EQ0085,2023-01-13,케이싱,35mm,2,191084,93711,마모,최민준
EQ0085,2023-08-02,로드,46mm,4,173185,76639,노후,정수현
EQ0085,2024-05-10,피스톤,39mm,1,122398,47243,성능저하,최민준
EQ0085,2024-08-15,밸브시트,89mm,1,16140,70891,마모,김철수
EQ0086,2023-09-23,임펠러,51mm,2,24068,61658,정기교체,박준호
EQ0087,2023-04-30,임펠러,89mm,3,57565,37456,마모,이영희
EQ0087,2023-05-25,임펠러,84mm,2,87674,96963,노후,김철수
EQ0087,2023-09-02,피스톤,97mm,1,102920,73634,성능저하,박준호
EQ0087,2024-01-03,로드,92mm,1,62672,89592,손상,이영희
EQ0088,2024-02-13,스프링,65mm,2,10228,43474,성능저하,최민준
EQ0088,2024-02-17,권선,21mm,4,119615,91449,성능저하,최민준
EQ0089,2023-04-13,스프링,97mm,3,131124,58154,노후,최민준
EQ0089,2024-03-26,씰,38mm,1,158641,89753,노후,이영희
EQ0090,2023-01-28,베어링,62mm,2,22815,85177,성능저하,김철수
EQ0090,2023-04-19,로드,34mm,3,72520,31079,정기교체,최민준
EQ0090,2023-08-06,필터,86mm,3,28462,55482,성능저하,박준호
EQ0090,2024-04-26,밸브시트,62mm,2,54617,78315,노후,박준호
EQ0090,2024-05-25,씰,84mm,3,72068,83344,정기교체,최민준
EQ0091,2023-07-10,씰,10mm,3,97684,74361,마모,최민준
EQ0091,2024-04-15,밸브시트,12mm,2,23944,76991,마모,이영희
EQ0092,2023-04-26,필터,37mm,3,102228,90102,성능저하,최민준
EQ0092,2023-05-24,피스톤,87mm,2,184792,59662,마모,최민준
EQ0092,2023-06-02,필터,80mm,2,52771,35498,마모,박준호
EQ0092,2023-10-24,밸브시트,40mm,1,161688,85334,성능저하,최민준
EQ0092,2023-12-29,임펠러,97mm,4,84769,89023,정기교체,정수현
EQ0093,2023-10-25,케이싱,97mm,2,115820,71966,정기교체,이영희
EQ0093,2023-11-15,씰,45mm,2,108558,29528,손상,최민준
EQ0093,2024-01-21,씰,71mm,3,28344,65154,마모,최민준
EQ0093,2024-03-10,베어링,92mm,1,156927,57524,마모,최민준
EQ0093,2024-03-20,밸브시트,81mm,1,119159,49924,성능저하,이영희
EQ0094,2023-09-07,권선,20mm,2,54262,44587,성능저하,김철수
EQ0094,2024-02-21,로드,65mm,1,185285,20555,손상,김철수
EQ0094,2024-05-02,스프링,87mm,1,129321,77262,노후,김철수
EQ0095,2023-01-01,권선,80mm,2,61700,33786,마모,최민준
EQ0095,2023-01-10,임펠러,59mm,2,83984,75290,성능저하,이영희
EQ0095,2023-03-01,권선,72mm,4,139944,25786,성능저하,이영희
EQ0095,2023-03-06,필터,49mm,2,107552,31422,정기교체,정수현
EQ0096,2023-08-20,필터,39mm,2,104934,89804,성능저하,최민준
EQ0096,2023-11-13,베어링,22mm,1,197471,47150,마모,최민준
EQ0096,2024-02-28,씰,70mm,3,45301,80998,정기교체,김철수
EQ0097,2023-01-03,로드,98mm,1,91453,27238,성능저하,박준호
EQ0098,2024-03-27,스프링,67mm,1,100811,21145,성능저하,정수현
EQ0098,2024-05-29,임펠러,11mm,1,134124,69588,노후,이영희
EQ0099,2023-01-27,피스톤,92mm,4,120594,69957,노후,이영희
EQ0099,2024-02-04,권선,18mm,2,69328,99821,손상,이영희
EQ0100,2024-06-12,스프링,57mm,1,145082,93811,성능저하,김철수
EQ0101,2024-01-23,권선,17mm,2,126228,89083,노후,최민준
EQ0101,2024-02-13,베어링,70mm,4,147421,43347,정기교체,이영희
EQ0102,2023-10-29,베어링,75mm,2,199337,60478,마모,김철수
EQ0103,2023-05-09,밸브시트,95mm,4,160796,87879,정기교체,김철수
EQ0103,2023-07-08,베어링,82mm,1,20620,40723,마모,최민준
EQ0103,2023-11-25,임펠러,47mm,2,56252,51212,노후,김철수
EQ0104,2023-01-15,필터,29mm,3,128159,86004,노후,최민준
EQ0104,2023-04-03,권선,63mm,1,79937,52122,손상,김철수
EQ0104,2023-12-09,임펠러,93mm,1,46002,37517,정기교체,김철수
EQ0104,2024-01-02,임펠러,79mm,2,112111,41341,마모,이영희
EQ0105,2023-02-25,피스톤,48mm,3,149405,99996,손상,이영희
EQ0105,2023-07-03,권선,31mm,1,118715,98648,성능저하,이영희
EQ0105,2023-11-02,스프링,23mm,4,11884,98968,마모,이영희
EQ0105,2023-11-07,임펠러,65mm,4,128394,37593,마모,김철수
EQ0105,2024-04-19,베어링,12mm,2,23918,49984,노후,박준호
EQ0106,2023-04-06,밸브시트,89mm,3,141220,35263,손상,최민준
EQ0107,2023-06-20,스프링,19mm,4,198175,29657,노후,이영희
EQ0107,2024-02-06,밸브시트,84mm,3,192859,87899,정기교체,최민준
EQ0107,2024-05-23,권선,75mm,4,25180,32377,정기교체,최민준
EQ0108,2023-09-16,케이싱,41mm,1,93064,72278,정기교체,이영희
EQ0108,2023-11-05,필터,84mm,1,133825,54055,성능저하,박준호
EQ0108,2024-01-04,필터,69mm,4,12843,99871,마모,정수현
EQ0108,2024-03-25,필터,31mm,3,62360,64938,정기교체,정수현
EQ0108,2024-05-10,밸브시트,72mm,3,142282,83807,마모,정수현
EQ0109,2023-03-31,피스톤,66mm,3,135501,64765,마모,박준호
EQ0109,2023-10-12,권선,84mm,2,116999,89677,노후,김철수
EQ0109,2023-11-08,케이싱,94mm,3,58469,65938,손상,이영희
EQ0109,2023-11-16,케이싱,73mm,2,89414,24886,성능저하,김철수
EQ0110,2023-12-02,임펠러,25mm,1,135274,28568,손상,정수현
EQ0110,2024-03-02,피스톤,29mm,3,174572,74215,정기교체,이영희
EQ0111,2023-01-18,피스톤,86mm,1,79611,95177,성능저하,최민준
EQ0111,2023-05-26,로드,41mm,4,68928,72158,정기교체,박준호
EQ0111,2023-12-09,임펠러,48mm,2,28132,69909,손상,이영희
EQ0111,2023-12-25,로드,99mm,4,183652,84806,마모,최민준
EQ0111,2024-06-05,케이싱,90mm,4,133958,44195,손상,최민준
EQ0112,2023-05-09,피스톤,57mm,4,94692,29007,마모,박준호
EQ0112,2023-12-29,씰,40mm,3,142872,37192,손상,이영희
EQ0113,2023-12-19,로드,93mm,4,156331,85923,손상,최민준
EQ0113,2024-03-17,밸브시트,13mm,2,194068,88426,정기교체,박준호
EQ0114,2023-02-04,밸브시트,65mm,3,103156,38691,성능저하,박준호
EQ0114,2023-07-22,케이싱,36mm,2,75461,42510,손상,최민준
EQ0114,2023-07-24,피스톤,58mm,2,89949,20768,마모,김철수
EQ0115,2024-01-29,피스톤,83mm,2,114537,32324,노후,박준호
EQ0115,2024-03-19,피스톤,74mm,1,185738,59661,노후,박준호
EQ0115,2024-07-25,로드,60mm,2,172331,68879,성능저하,김철수
EQ0116,2023-12-12,케이싱,84mm,3,125159,41829,마모,정수현
EQ0116,2024-01-04,케이싱,97mm,4,64490,20648,마모,정수현
EQ0116,2024-05-25,케이싱,74mm,3,160130,90084,정기교체,김철수
EQ0117,2023-02-08,피스톤,48mm,2,133937,89310,마모,정수현
EQ0117,2023-05-01,피스톤,11mm,4,196205,83276,노후,정수현
EQ0117,2023-05-17,권선,49mm,1,140571,73094,성능저하,김철수
EQ0117,2024-02-29,피스톤,78mm,2,88554,97934,마모,박준호
EQ0118,2023-09-12,임펠러,43mm,1,155832,58302,정기교체,최민준
EQ0118,2024-08-09,피스톤,91mm,3,28134,36786,성능저하,정수현
EQ0119,2023-04-12,권선,36mm,1,36532,56861,정기교체,최민준
EQ0119,2023-12-06,밸브시트,85mm,1,158583,78367,성능저하,김철수
EQ0119,2024-04-25,권선,80mm,2,146068,54232,성능저하,박준호
EQ0119,2024-05-22,필터,29mm,2,30912,60334,손상,김철수
EQ0120,2023-01-26,필터,67mm,3,124717,55966,손상,최민준
EQ0120,2023-12-07,밸브시트,60mm,2,100641,75032,노후,최민준
EQ0120,2024-02-23,씰,65mm,4,82401,99146,노후,최민준
EQ0120,2024-07-02,권선,57mm,2,133085,21636,마모,최민준
EQ0120,2024-08-06,케이싱,17mm,1,71196,33830,정기교체,정수현
EQ0121,2023-06-16,씰,29mm,3,21905,22461,손상,이영희
EQ0121,2023-06-30,로드,25mm,4,39564,89692,성능저하,김철수
EQ0121,2023-10-17,필터,89mm,3,149535,56446,정기교체,정수현
EQ0122,2023-10-27,피스톤,39mm,4,13838,62073,마모,박준호
EQ0122,2023-12-28,밸브시트,85mm,3,179807,35981,손상,김철수
EQ0123,2024-03-13,로드,16mm,2,93050,79415,노후,박준호
EQ0124,2023-06-20,케이싱,68mm,1,149639,47866,마모,박준호
EQ0124,2024-04-30,밸브시트,35mm,2,155117,38780,성능저하,김철수
EQ0125,2023-04-12,필터,63mm,2,53201,83296,성능저하,이영희
EQ0125,2023-06-06,베어링,89mm,2,50021,63184,마모,박준호
EQ0126,2023-09-04,밸브시트,63mm,1,181076,71293,마모,김철수
EQ0126,2024-03-05,케이싱,39mm,1,84062,98000,노후,김철수
EQ0127,2023-01-12,임펠러,50mm,3,36025,28060,노후,김철수
EQ0127,2023-04-16,권선,72mm,3,185767,50171,마모,박준호
EQ0127,2023-09-01,로드,93mm,4,146199,81453,마모,이영희
EQ0127,2023-10-05,케이싱,37mm,2,62381,37574,노후,정수현
EQ0127,2023-10-24,스프링,25mm,2,144479,59529,성능저하,최민준
EQ0128,2023-08-23,케이싱,79mm,4,147926,45733,손상,최민준
EQ0129,2023-02-13,피스톤,22mm,1,46404,64324,손상,박준호
EQ0129,2024-03-12,임펠러,37mm,3,55636,58866,노후,김철수
EQ0129,2024-07-05,밸브시트,34mm,3,138301,55486,마모,최민준
EQ0130,2023-01-21,베어링,47mm,4,52059,22650,손상,김철수
EQ0130,2023-11-25,씰,65mm,3,81220,71839,손상,정수현
EQ0130,2023-12-07,씰,64mm,4,154425,81850,손상,최민준
EQ0130,2024-01-28,밸브시트,44mm,4,193725,77344,노후,김철수
EQ0131,2023-04-29,스프링,61mm,1,128690,39184,정기교체,박준호
EQ0131,2023-06-03,로드,20mm,1,182839,75891,손상,김철수
EQ0131,2023-11-29,로드,20mm,2,52925,36687,마모,박준호
EQ0131,2024-06-09,케이싱,59mm,2,63206,32505,마모,최민준
EQ0132,2023-06-13,스프링,55mm,1,103716,33488,노후,최민준
EQ0132,2023-07-12,씰,43mm,4,175202,79846,노후,이영희
EQ0132,2024-01-27,필터,51mm,1,60390,59260,노후,최민준
EQ0132,2024-06-03,권선,44mm,3,46396,82356,노후,정수현
EQ0133,2024-03-13,밸브시트,52mm,3,158997,66006,성능저하,박준호
EQ0134,2023-08-02,케이싱,86mm,2,73727,48899,정기교체,박준호
EQ0134,2023-08-18,필터,43mm,4,11732,22942,노후,정수현
EQ0134,2023-09-21,필터,44mm,2,49802,54026,손상,박준호
EQ0134,2024-05-30,필터,72mm,4,68074,57817,노후,최민준
EQ0135,2024-05-25,밸브시트,90mm,4,94694,79043,정기교체,박준호
EQ0136,2023-03-06,씰,94mm,3,98634,35309,손상,이영희
EQ0136,2023-07-31,베어링,49mm,2,172377,27731,손상,박준호
EQ0136,2023-11-08,권선,30mm,2,116160,62077,마모,박준호
EQ0136,2024-03-22,임펠러,39mm,2,105911,33555,성능저하,김철수
EQ0136,2024-04-25,필터,22mm,3,115183,57430,정기교체,김철수
EQ0137,2023-06-02,임펠러,58mm,3,139307,22519,노후,김철수
EQ0137,2024-05-29,피스톤,28mm,3,74229,83891,성능저하,김철수
EQ0138,2023-02-03,피스톤,19mm,1,182544,88821,노후,이영희
EQ0138,2023-08-10,케이싱,83mm,3,101528,28549,손상,김철수
EQ0138,2023-12-26,케이싱,87mm,4,11757,52085,마모,정수현
EQ0139,2023-02-09,밸브시트,26mm,4,144213,31068,손상,김철수
EQ0139,2023-05-27,임펠러,39mm,3,23989,75701,노후,박준호
EQ0139,2023-08-22,케이싱,92mm,3,25868,26679,마모,이영희
EQ0140,2023-01-30,밸브시트,42mm,1,193825,48734,정기교체,김철수
EQ0140,2023-08-22,케이싱,71mm,1,70048,41221,성능저하,최민준
EQ0140,2023-09-10,피스톤,17mm,3,127154,61543,정기교체,김철수
EQ0141,2023-09-11,필터,80mm,3,189056,76490,마모,정수현
EQ0142,2023-01-04,베어링,79mm,2,141102,78996,정기교체,박준호
EQ0142,2023-11-21,베어링,40mm,4,31227,38674,정기교체,정수현
EQ0142,2024-04-04,임펠러,86mm,3,22453,79552,정기교체,정수현
EQ0143,2023-05-26,필터,88mm,3,166544,95048,손상,김철수
EQ0143,2023-12-11,필터,16mm,4,196952,74480,마모,이영희
EQ0143,2024-05-16,피스톤,83mm,3,131445,33733,손상,김철수
EQ0143,2024-06-15,권선,46mm,1,22744,58910,마모,최민준
EQ0143,2024-06-26,베어링,94mm,1,13893,97109,마모,최민준
EQ0144,2023-07-05,스프링,13mm,1,104013,90314,손상,정수현
EQ0144,2023-07-22,스프링,76mm,1,104834,34156,손상,이영희
EQ0144,2023-08-31,밸브시트,80mm,3,125236,87375,마모,최민준
EQ0144,2023-12-21,권선,86mm,1,151151,38362,노후,김철수
EQ0144,2024-01-30,씰,66mm,2,69087,63190,마모,박준호
EQ0145,2023-01-18,권선,66mm,3,110148,47160,성능저하,정수현
EQ0145,2024-02-04,케이싱,96mm,3,64395,52035,성능저하,김철수
EQ0145,2024-02-20,밸브시트,44mm,3,104575,63919,마모,김철수
EQ0145,2024-03-11,씰,15mm,2,164856,49340,손상,이영희
EQ0146,2023-02-06,밸브시트,58mm,1,145242,79449,마모,이영희
EQ0146,2023-03-25,필터,82mm,4,104846,77428,성능저하,박준호
EQ0146,2023-04-08,임펠러,53mm,2,183129,49689,정기교체,박준호
EQ0146,2023-07-03,스프링,94mm,3,31316,56595,손상,박준호
EQ0146,2024-02-12,스프링,63mm,4,19018,49277,마모,이영희
EQ0147,2023-05-19,로드,26mm,2,71949,97828,정기교체,최민준
EQ0147,2023-12-11,스프링,92mm,4,157001,56942,정기교체,정수현
EQ0147,2023-12-31,베어링,30mm,2,157972,81375,정기교체,정수현
EQ0147,2024-07-21,로드,84mm,2,48759,86095,마모,최민준
EQ0148,2023-05-13,케이싱,50mm,1,34966,24915,손상,이영희
EQ0149,2023-12-06,임펠러,89mm,4,163809,49048,손상,김철수
EQ0150,2023-06-24,권선,45mm,2,72903,89138,성능저하,김철수
EQ0150,2023-08-29,씰,73mm,1,95641,65078,마모,김철수
EQ0150,2024-03-02,케이싱,72mm,2,34129,86034,정기교체,박준호
EQ0150,2024-08-16,권선,61mm,4,132393,97253,마모,김철수
EQ0151,2023-02-16,베어링,62mm,2,171668,74004,성능저하,이영희
EQ0151,2023-03-18,로드,87mm,2,180927,84137,노후,정수현
EQ0151,2023-09-20,권선,77mm,2,174780,27787,손상,박준호
EQ0151,2023-12-23,필터,58mm,1,132499,82630,노후,김철수
EQ0152,2023-05-15,베어링,34mm,4,43059,76902,마모,최민준
EQ0152,2023-07-25,씰,59mm,4,193799,31391,노후,김철수
EQ0152,2024-01-27,로드,93mm,2,72275,84532,마모,이영희
EQ0153,2023-12-05,권선,32mm,1,48708,78865,정기교체,이영희
EQ0154,2024-03-26,베어링,81mm,4,89702,94872,정기교체,최민준
EQ0155,2023-01-16,필터,32mm,3,82399,38332,마모,김철수
EQ0155,2023-02-17,권선,30mm,4,54209,39232,손상,이영희
EQ0155,2023-11-02,피스톤,69mm,2,153834,54155,노후,정수현
EQ0155,2023-11-26,스프링,85mm,3,42130,30188,정기교체,박준호
EQ0155,2024-06-22,임펠러,18mm,1,164245,69689,마모,박준호
EQ0156,2023-06-11,필터,45mm,3,146173,45970,마모,이영희
EQ0156,2024-04-24,임펠러,41mm,1,29733,96942,성능저하,최민준
EQ0157,2023-02-26,필터,69mm,2,147684,46763,손상,김철수
EQ0157,2024-01-04,피스톤,66mm,1,10740,97860,손상,최민준
EQ0157,2024-02-12,스프링,34mm,2,133859,37639,노후,이영희
EQ0157,2024-03-12,밸브시트,24mm,3,29208,80640,마모,정수현
EQ0157,2024-05-26,권선,47mm,2,171480,85305,마모,최민준
EQ0158,2023-09-10,씰,43mm,4,92433,28312,노후,김철수
EQ0158,2023-12-24,피스톤,62mm,2,153449,94839,노후,최민준
EQ0158,2024-01-21,임펠러,31mm,3,77007,94554,노후,최민준
EQ0158,2024-03-01,임펠러,42mm,1,138377,33028,노후,최민준
EQ0159,2023-05-08,스프링,77mm,2,173723,26581,정기교체,이영희
EQ0159,2023-07-25,권선,54mm,3,141005,79337,노후,이영희
EQ0159,2023-10-09,로드,57mm,1,111165,69790,정기교체,이영희
EQ0159,2023-10-10,스프링,85mm,2,171692,91843,정기교체,김철수
EQ0159,2024-01-31,권선,63mm,3,23177,89317,손상,김철수
EQ0160,2023-01-28,베어링,68mm,2,107651,66416,정기교체,이영희
EQ0160,2023-10-18,스프링,27mm,4,159149,73796,노후,박준호
EQ0160,2023-12-27,권선,33mm,2,45382,37928,손상,이영희
EQ0160,2024-07-10,권선,39mm,4,106480,48336,정기교체,김철수
EQ0161,2023-04-13,임펠러,78mm,1,194657,92570,노후,최민준
EQ0161,2024-01-07,케이싱,78mm,3,149295,95696,성능저하,박준호
EQ0161,2024-01-20,케이싱,84mm,4,118180,91882,노후,김철수
EQ0161,2024-02-26,베어링,82mm,2,142276,44331,노후,최민준
EQ0161,2024-05-11,임펠러,91mm,1,83492,27385,노후,박준호
EQ0162,2023-08-12,임펠러,51mm,1,112328,42698,정기교체,최민준
EQ0163,2023-02-19,필터,12mm,3,21297,69689,손상,정수현
EQ0163,2023-03-14,피스톤,89mm,4,37771,25535,마모,정수현
EQ0163,2023-09-15,임펠러,87mm,3,133412,62829,마모,이영희
EQ0163,2024-01-06,밸브시트,41mm,1,56791,50086,마모,김철수
EQ0164,2023-10-03,베어링,82mm,1,21498,97874,정기교체,최민준
EQ0165,2023-08-10,스프링,63mm,3,177621,54726,노후,최민준
EQ0166,2023-08-15,밸브시트,77mm,4,172006,49526,정기교체,김철수
EQ0167,2023-01-06,피스톤,71mm,4,168803,54415,정기교체,최민준
EQ0167,2023-05-21,권선,67mm,1,87428,61462,마모,정수현
EQ0167,2023-11-14,로드,49mm,2,53927,42073,손상,정수현
EQ0167,2023-11-16,권선,52mm,3,10785,20227,성능저하,최민준
EQ0168,2023-10-18,필터,46mm,4,48199,48777,노후,최민준
EQ0168,2024-08-05,권선,10mm,1,21556,97104,마모,김철수
EQ0168,2024-08-05,피스톤,13mm,1,48316,76670,손상,이영희
EQ0169,2023-01-23,스프링,96mm,1,50711,63316,정기교체,이영희
EQ0169,2024-05-13,권선,79mm,4,48771,89326,정기교체,이영희
EQ0170,2023-07-06,피스톤,11mm,2,132686,39678,손상,이영희
EQ0170,2023-08-18,스프링,26mm,2,88893,21329,마모,최민준
EQ0170,2023-11-18,스프링,61mm,2,56059,79056,정기교체,이영희
EQ0170,2024-07-31,씰,69mm,2,153784,42303,성능저하,정수현
EQ0171,2023-05-25,임펠러,95mm,3,70638,43577,손상,김철수
EQ0171,2023-09-22,피스톤,64mm,4,49824,46056,성능저하,최민준
EQ0171,2024-02-07,밸브시트,34mm,4,117665,59825,손상,김철수
EQ0172,2023-01-04,피스톤,25mm,4,149866,44358,손상,최민준
EQ0172,2023-06-21,권선,34mm,2,182454,76087,정기교체,김철수
EQ0172,2024-04-04,케이싱,29mm,1,83495,23196,손상,최민준
EQ0173,2024-03-07,임펠러,11mm,2,47671,52823,정기교체,박준호
EQ0174,2023-09-07,베어링,50mm,2,157475,37416,노후,최민준
EQ0174,2023-10-18,임펠러,69mm,3,155598,62874,손상,이영희
EQ0175,2023-09-09,권선,81mm,2,60956,80022,노후,박준호
EQ0175,2023-10-09,밸브시트,90mm,4,167016,63280,정기교체,최민준
EQ0175,2024-08-12,씰,27mm,4,184398,59772,손상,최민준
EQ0176,2023-01-06,스프링,65mm,3,160925,29013,손상,김철수
EQ0176,2023-02-10,스프링,19mm,2,171839,60745,마모,이영희
EQ0176,2024-04-29,필터,67mm,4,33402,47224,노후,정수현
EQ0176,2024-05-23,필터,69mm,1,143789,44538,마모,김철수
EQ0177,2023-03-11,스프링,56mm,2,16121,48304,마모,정수현
EQ0177,2023-06-05,필터,53mm,3,154785,60431,마모,정수현
EQ0177,2024-05-26,씰,62mm,2,125149,43227,마모,김철수
EQ0178,2023-07-25,로드,61mm,4,13696,72445,손상,박준호
EQ0178,2023-07-29,필터,95mm,2,38007,58550,마모,정수현
EQ0178,2024-01-29,베어링,91mm,3,43743,60073,성능저하,김철수
EQ0178,2024-02-01,필터,53mm,3,60012,71007,손상,이영희
EQ0179,2023-02-03,밸브시트,29mm,2,165829,64865,성능저하,이영희
EQ0179,2023-07-06,밸브시트,90mm,4,25485,53540,손상,김철수
EQ0179,2024-06-27,베어링,83mm,2,36326,73811,성능저하,이영희
EQ0180,2023-06-20,베어링,50mm,2,153587,57772,정기교체,정수현
EQ0180,2023-07-30,씰,92mm,1,196678,64812,손상,이영희
EQ0180,2024-05-13,임펠러,88mm,3,27702,36359,마모,박준호
EQ0180,2024-05-24,필터,77mm,4,169120,78613,정기교체,박준호
EQ0181,2023-02-14,임펠러,43mm,4,103759,49830,마모,이영희
EQ0181,2023-04-30,밸브시트,55mm,3,106714,73214,정기교체,김철수
EQ0181,2023-05-01,베어링,30mm,1,147491,29160,마모,정수현
EQ0181,2023-10-23,스프링,81mm,3,81872,26524,손상,박준호
EQ0182,2023-09-01,베어링,12mm,4,161845,99344,손상,박준호
EQ0182,2024-03-24,임펠러,15mm,2,170676,21803,성능저하,김철수
EQ0182,2024-07-11,권선,71mm,1,132001,38484,손상,박준호
EQ0183,2023-02-07,필터,46mm,4,192426,26026,노후,이영희
EQ0183,2023-11-21,로드,67mm,3,26486,34774,노후,박준호
EQ0183,2024-05-28,케이싱,34mm,3,37117,64699,정기교체,정수현
EQ0184,2023-11-29,임펠러,26mm,2,11789,50353,정기교체,이영희
EQ0184,2024-01-10,밸브시트,13mm,3,131192,75755,마모,최민준
EQ0185,2023-03-26,권선,75mm,3,45110,93627,손상,김철수
EQ0185,2023-06-27,로드,81mm,4,77825,96890,성능저하,박준호
EQ0185,2024-01-20,피스톤,17mm,1,121895,47762,마모,최민준
EQ0186,2023-01-22,스프링,77mm,4,68086,52270,정기교체,이영희
EQ0186,2024-02-27,임펠러,44mm,1,66879,89215,성능저하,김철수
EQ0187,2023-10-10,베어링,79mm,1,46166,23006,정기교체,정수현
EQ0187,2023-10-12,밸브시트,62mm,2,42323,55864,정기교체,정수현
EQ0187,2023-12-03,로드,81mm,3,64150,78647,노후,최민준
EQ0188,2023-03-11,필터,22mm,1,25860,88578,정기교체,박준호
EQ0188,2024-02-25,스프링,90mm,2,197830,66841,노후,최민준
EQ0188,2024-07-01,밸브시트,51mm,3,27227,54393,노후,최민준
EQ0189,2023-04-10,씰,66mm,2,85404,60373,정기교체,최민준
EQ0189,2023-09-09,로드,17mm,2,60653,44704,손상,최민준
EQ0189,2023-12-13,스프링,64mm,3,163371,47331,노후,이영희
EQ0190,2023-02-16,케이싱,76mm,1,136878,37527,정기교체,정수현
EQ0190,2023-05-21,케이싱,69mm,4,98434,80773,노후,김철수
EQ0190,2024-02-17,피스톤,46mm,3,71859,96500,성능저하,박준호
EQ0190,2024-03-24,씰,42mm,4,78444,86947,손상,김철수
EQ0191,2023-10-22,밸브시트,90mm,2,68642,65976,마모,김철수
EQ0191,2024-01-09,스프링,83mm,1,181323,82397,마모,김철수
EQ0191,2024-05-28,피스톤,90mm,4,38671,41203,성능저하,최민준
EQ0192,2023-06-07,스프링,20mm,2,58847,93042,성능저하,최민준
EQ0192,2024-03-08,임펠러,35mm,3,103893,60544,마모,최민준
EQ0192,2024-03-13,스프링,89mm,2,154643,20009,성능저하,최민준
EQ0192,2024-06-23,스프링,56mm,4,139848,39449,노후,최민준
EQ0192,2024-07-10,로드,18mm,1,44630,70385,손상,이영희
EQ0193,2023-04-20,케이싱,50mm,4,41558,60030,정기교체,김철수
EQ0193,2024-01-03,케이싱,70mm,4,20487,95925,손상,정수현
EQ0193,2024-04-13,밸브시트,68mm,2,87807,88371,성능저하,정수현
EQ0193,2024-04-16,로드,99mm,3,167752,32434,손상,김철수
EQ0193,2024-07-05,밸브시트,31mm,3,37217,60132,노후,최민준
EQ0194,2023-01-06,임펠러,95mm,4,190026,94107,성능저하,정수현
EQ0195,2024-08-17,베어링,59mm,4,33409,85162,손상,정수현
EQ0196,2023-02-19,필터,35mm,3,13450,28418,정기교체,김철수
EQ0196,2023-06-21,필터,72mm,3,41849,91868,마모,김철수
EQ0197,2023-03-25,로드,70mm,1,23332,95439,마모,최민준
EQ0197,2023-03-26,케이싱,52mm,4,38783,80019,정기교체,최민준
EQ0197,2023-06-25,로드,75mm,3,82404,95391,마모,최민준
EQ0197,2023-12-12,임펠러,93mm,4,150182,49448,손상,정수현
EQ0197,2024-01-08,씰,17mm,4,142853,98948,마모,정수현
EQ0198,2023-03-21,스프링,40mm,2,61529,66378,손상,최민준
EQ0199,2023-03-10,필터,20mm,3,188198,98160,마모,정수현
EQ0199,2023-07-28,피스톤,48mm,1,120289,20785,손상,최민준
EQ0199,2023-10-01,케이싱,50mm,2,163888,90070,손상,이영희
EQ0200,2023-06-22,씰,31mm,3,153904,93741,손상,정수현
EQ0200,2023-09-27,임펠러,35mm,2,69024,41153,손상,이영희
EQ0200,2024-02-22,권선,92mm,4,162798,24677,성능저하,김철수
EQ0200,2024-07-01,케이싱,62mm,2,134463,49134,마모,이영희
EQ0201,2023-09-03,필터,85mm,4,55463,20894,노후,김철수
EQ0201,2023-11-20,임펠러,41mm,4,58788,29413,손상,이영희
EQ0202,2023-04-05,씰,58mm,1,92927,20667,마모,최민준
EQ0202,2023-11-16,스프링,26mm,2,111333,61000,손상,정수현
EQ0202,2023-12-29,씰,37mm,4,53520,49899,마모,최민준
EQ0202,2024-01-07,씰,85mm,3,115302,34464,성능저하,박준호
EQ0203,2023-01-23,케이싱,19mm,4,100990,33115,손상,정수현
EQ0203,2023-03-05,피스톤,77mm,1,120533,25109,노후,정수현
EQ0203,2023-05-05,스프링,51mm,2,36293,50607,손상,정수현
EQ0203,2023-08-18,로드,96mm,3,104526,54449,정기교체,최민준
EQ0203,2024-06-08,권선,18mm,2,33255,99747,노후,이영희
EQ0204,2023-02-07,밸브시트,45mm,1,11912,56989,마모,이영희
EQ0204,2023-05-13,권선,90mm,4,21388,94178,손상,최민준
EQ0204,2024-02-15,피스톤,26mm,2,60683,30198,손상,정수현
EQ0204,2024-05-03,필터,23mm,4,53311,39088,성능저하,최민준
EQ0204,2024-08-15,베어링,39mm,1,116442,53462,손상,최민준
EQ0205,2023-04-02,필터,53mm,2,176942,57982,정기교체,정수현
EQ0205,2023-05-31,피스톤,11mm,4,151439,47483,노후,정수현
EQ0206,2023-09-17,임펠러,14mm,3,92567,65793,노후,박준호
EQ0206,2023-11-18,스프링,14mm,4,100537,67038,손상,최민준
EQ0206,2024-02-26,밸브시트,53mm,4,154379,59136,성능저하,김철수
EQ0206,2024-03-11,권선,16mm,1,194291,29695,정기교체,이영희
EQ0206,2024-06-13,임펠러,86mm,1,135545,72892,손상,박준호
EQ0207,2023-02-26,씰,44mm,2,73753,95479,노후,최민준
EQ0207,2023-03-20,피스톤,31mm,4,77913,71255,마모,정수현
EQ0207,2023-08-07,씰,79mm,3,186446,78672,정기교체,김철수
EQ0207,2023-09-18,권선,60mm,3,79307,61340,정기교체,박준호
EQ0208,2023-04-09,필터,50mm,3,18549,77240,마모,이영희
EQ0208,2024-07-04,피스톤,22mm,2,53374,86790,성능저하,김철수
EQ0208,2024-08-10,임펠러,57mm,4,57592,33118,손상,최민준
EQ0209,2023-06-30,스프링,70mm,3,79474,32609,성능저하,최민준
EQ0209,2023-12-06,베어링,74mm,1,167280,55658,성능저하,최민준
EQ0209,2023-12-30,피스톤,10mm,1,96597,78679,손상,박준호
EQ0209,2024-01-01,스프링,11mm,3,144177,21838,손상,이영희
EQ0210,2023-12-15,피스톤,25mm,4,118029,30144,손상,박준호
EQ0210,2024-03-22,피스톤,71mm,3,26041,30267,성능저하,최민준
EQ0210,2024-05-21,피스톤,15mm,4,140803,60856,노후,최민준
EQ0210,2024-07-20,필터,71mm,1,37493,29357,손상,정수현
EQ0211,2023-03-31,밸브시트,48mm,1,165061,39003,손상,김철수
EQ0211,2023-06-17,씰,94mm,2,51030,86091,성능저하,박준호
EQ0211,2024-07-22,권선,66mm,1,94650,58187,마모,박준호
EQ0212,2023-02-22,임펠러,47mm,3,189058,20464,노후,정수현
EQ0212,2023-04-04,로드,42mm,2,24837,78744,손상,이영희
EQ0212,2023-05-22,스프링,20mm,3,116775,45759,노후,최민준
EQ0212,2024-03-08,권선,24mm,2,66605,26463,노후,최민준
EQ0212,2024-06-11,스프링,25mm,4,120475,96069,성능저하,박준호
EQ0213,2023-01-26,임펠러,70mm,1,86537,81434,노후,이영희
EQ0213,2023-04-01,필터,22mm,2,71236,91419,마모,이영희
EQ0213,2023-04-20,임펠러,50mm,1,62480,86162,마모,이영희
EQ0213,2024-02-01,씰,75mm,3,101837,98424,성능저하,김철수
EQ0213,2024-02-02,밸브시트,50mm,4,42811,51543,마모,이영희
EQ0214,2023-08-12,스프링,72mm,1,128665,93595,노후,박준호
EQ0215,2024-05-02,베어링,66mm,4,103431,47180,성능저하,이영희
EQ0215,2024-05-10,피스톤,67mm,4,23349,86304,성능저하,정수현
EQ0215,2024-05-10,밸브시트,65mm,1,195274,82564,손상,이영희
EQ0215,2024-07-05,권선,30mm,2,164720,64135,마모,정수현
EQ0215,2024-07-12,임펠러,35mm,1,104317,84903,정기교체,최민준
EQ0216,2023-01-02,권선,96mm,2,117447,79571,노후,김철수
EQ0216,2023-01-10,필터,37mm,2,157915,76377,성능저하,김철수
EQ0216,2023-03-22,권선,92mm,2,70275,28940,정기교체,김철수
EQ0216,2023-03-25,밸브시트,43mm,4,35524,85837,노후,정수현
EQ0216,2023-08-05,로드,38mm,3,111005,62435,정기교체,김철수
EQ0217,2023-08-02,권선,73mm,4,69328,79602,마모,이영희
EQ0217,2023-09-09,피스톤,87mm,4,62604,25925,마모,정수현
EQ0217,2023-09-20,씰,45mm,2,180404,79453,정기교체,김철수
EQ0218,2023-03-01,씰,61mm,1,55883,21100,노후,이영희
EQ0218,2023-03-02,임펠러,88mm,1,134586,66567,성능저하,박준호
EQ0218,2023-06-02,씰,73mm,1,105979,24174,마모,박준호
EQ0219,2023-02-08,권선,90mm,3,161227,60089,노후,박준호
EQ0219,2023-07-22,피스톤,48mm,1,52129,69891,성능저하,최민준
EQ0219,2023-07-31,케이싱,56mm,3,138171,90277,성능저하,정수현
EQ0219,2023-12-16,스프링,47mm,3,195550,87325,성능저하,이영희
EQ0219,2024-08-07,임펠러,10mm,2,140747,56958,성능저하,정수현
EQ0220,2023-07-04,케이싱,16mm,2,168095,41169,노후,정수현
EQ0220,2023-08-06,임펠러,68mm,3,139798,74682,손상,김철수
EQ0220,2023-10-08,케이싱,97mm,3,20914,59606,손상,최민준
EQ0220,2023-10-15,밸브시트,11mm,3,170048,80698,손상,정수현
EQ0220,2024-07-02,권선,86mm,1,153387,28877,마모,이영희
EQ0221,2023-04-23,권선,37mm,1,112841,64610,손상,정수현
EQ0221,2023-09-25,피스톤,13mm,2,166389,23881,마모,김철수
EQ0221,2024-05-31,베어링,18mm,4,86285,50214,정기교체,최민준
EQ0221,2024-08-01,로드,78mm,1,193056,29212,손상,박준호
EQ0222,2023-03-24,로드,15mm,4,56814,92884,손상,최민준
EQ0222,2023-09-17,스프링,14mm,2,71155,93658,정기교체,이영희
EQ0222,2024-06-13,밸브시트,58mm,4,67937,96567,성능저하,최민준
EQ0223,2023-04-09,권선,92mm,3,186754,31225,성능저하,최민준
EQ0223,2024-07-27,권선,31mm,1,49454,85539,정기교체,정수현
EQ0224,2023-02-15,케이싱,51mm,4,197807,94389,정기교체,정수현
EQ0224,2023-11-18,케이싱,58mm,4,108273,29422,마모,이영희
EQ0224,2023-11-28,로드,50mm,3,157989,37907,손상,박준호
EQ0224,2023-12-22,밸브시트,88mm,4,100373,87905,성능저하,이영희
EQ0224,2024-01-21,권선,62mm,1,95656,69224,정기교체,최민준
EQ0225,2023-03-06,베어링,97mm,3,17308,53267,손상,김철수
EQ0225,2023-11-04,베어링,60mm,3,149062,81909,노후,박준호
EQ0226,2023-11-20,임펠러,30mm,4,47265,23852,정기교체,김철수
EQ0227,2023-04-03,케이싱,19mm,4,53422,89125,마모,박준호
EQ0227,2023-04-09,임펠러,72mm,3,66725,67018,성능저하,이영희
EQ0227,2023-10-15,케이싱,63mm,4,99249,65982,노후,최민준
EQ0227,2024-03-14,임펠러,18mm,3,152208,23497,정기교체,김철수
EQ0227,2024-06-07,케이싱,73mm,3,70273,65817,성능저하,이영희
EQ0228,2023-02-06,필터,45mm,1,155497,54139,정기교체,김철수
EQ0228,2023-05-05,필터,78mm,2,181564,63027,마모,박준호
EQ0228,2024-04-20,필터,61mm,4,180514,46726,정기교체,이영희
EQ0228,2024-06-15,권선,58mm,3,172038,45923,손상,박준호
EQ0229,2023-04-12,필터,88mm,1,24414,84624,정기교체,정수현
EQ0229,2023-07-16,필터,97mm,1,169262,81357,손상,김철수
EQ0229,2023-09-10,베어링,90mm,1,94151,75585,노후,박준호
EQ0229,2024-01-28,권선,96mm,3,136610,59916,성능저하,정수현
EQ0230,2023-03-09,피스톤,47mm,2,29012,99530,정기교체,정수현
EQ0230,2023-09-14,케이싱,63mm,1,69789,30461,마모,정수현
EQ0230,2023-10-15,필터,11mm,1,157434,59865,마모,이영희
EQ0231,2023-05-16,씰,17mm,3,12632,44287,정기교체,이영희
EQ0231,2023-07-04,임펠러,90mm,2,73486,84840,노후,최민준
EQ0231,2023-09-02,씰,53mm,3,159596,58270,노후,김철수
EQ0231,2024-08-05,씰,41mm,1,163100,38803,성능저하,김철수
EQ0232,2024-03-16,베어링,93mm,1,31735,25100,정기교체,정수현
EQ0233,2023-03-11,스프링,57mm,2,167731,23905,노후,박준호
EQ0233,2023-09-06,로드,98mm,3,181270,46532,손상,김철수
EQ0233,2023-09-08,필터,42mm,1,57881,33118,노후,김철수
EQ0233,2023-12-23,베어링,11mm,2,169361,61594,정기교체,이영희
EQ0234,2023-07-29,권선,59mm,2,190779,28067,성능저하,최민준
EQ0234,2023-08-16,필터,21mm,2,98738,99877,마모,최민준
EQ0234,2023-09-11,베어링,68mm,1,193926,79065,노후,최민준
EQ0234,2023-10-20,씰,70mm,2,66615,91358,노후,박준호
EQ0235,2023-08-17,피스톤,23mm,1,73135,84699,성능저하,최민준
EQ0235,2024-04-20,스프링,26mm,3,176302,57261,마모,김철수
EQ0235,2024-05-15,씰,13mm,4,187117,99325,노후,이영희
EQ0235,2024-06-14,씰,77mm,2,126833,92494,노후,박준호
EQ0235,2024-07-13,로드,59mm,3,163403,44805,성능저하,최민준
EQ0236,2024-07-29,케이싱,87mm,2,90709,42406,손상,최민준
EQ0237,2023-02-24,필터,98mm,3,152338,67544,정기교체,정수현
EQ0237,2023-06-07,피스톤,30mm,1,168381,52391,손상,최민준
EQ0237,2024-01-07,피스톤,15mm,3,140393,59034,성능저하,김철수
EQ0237,2024-04-17,피스톤,33mm,3,111747,68416,성능저하,박준호
EQ0238,2023-02-14,로드,40mm,4,94855,92812,성능저하,박준호
EQ0238,2023-03-01,밸브시트,19mm,1,140268,27001,정기교체,박준호
EQ0238,2023-09-08,씰,45mm,1,67797,71843,노후,이영희
EQ0238,2024-02-28,권선,60mm,3,70310,79679,노후,이영희
EQ0239,2023-02-26,권선,81mm,1,190547,81027,손상,박준호
EQ0239,2023-02-28,임펠러,12mm,1,143414,64360,성능저하,이영희
EQ0239,2023-09-01,로드,87mm,4,129913,54730,노후,정수현
EQ0240,2023-04-25,스프링,22mm,3,13340,51829,노후,이영희
EQ0240,2023-07-09,베어링,87mm,3,183636,35660,성능저하,이영희
EQ0240,2024-02-02,밸브시트,72mm,1,34238,84311,마모,최민준
EQ0240,2024-03-07,임펠러,63mm,2,143611,38589,정기교체,최민준
EQ0240,2024-06-03,씰,60mm,2,102955,49603,성능저하,이영희
EQ0241,2023-01-04,임펠러,12mm,3,75860,82703,정기교체,최민준
EQ0241,2023-04-28,밸브시트,16mm,3,113213,93933,노후,이영희
EQ0241,2024-06-18,피스톤,60mm,1,29498,97003,마모,이영희
EQ0242,2023-01-11,밸브시트,12mm,4,144111,25861,노후,김철수
EQ0242,2023-10-21,케이싱,74mm,3,132494,56258,성능저하,최민준
EQ0242,2024-05-25,베어링,88mm,3,95736,95691,마모,최민준
EQ0243,2023-02-17,로드,36mm,1,97771,45101,정기교체,이영희
EQ0243,2023-05-23,임펠러,82mm,2,121184,94440,마모,김철수
EQ0243,2023-05-24,스프링,90mm,4,170151,96917,노후,최민준
EQ0243,2023-09-16,권선,91mm,4,189811,31696,마모,김철수
EQ0243,2024-03-19,케이싱,95mm,4,143832,32648,손상,최민준
EQ0244,2024-01-10,씰,48mm,4,169259,67109,정기교체,이영희
EQ0244,2024-05-09,씰,49mm,3,30954,53341,성능저하,최민준
EQ0244,2024-05-18,로드,88mm,4,191343,62415,성능저하,정수현
EQ0245,2023-09-28,씰,29mm,2,112971,45162,마모,이영희
EQ0246,2024-06-22,피스톤,10mm,1,130766,75584,손상,박준호
EQ0246,2024-07-09,밸브시트,17mm,3,156662,47883,정기교체,최민준
EQ0247,2023-05-04,밸브시트,28mm,4,139599,57424,마모,최민준
EQ0248,2023-08-15,필터,37mm,2,186389,81217,성능저하,최민준
EQ0248,2023-09-22,케이싱,32mm,1,180886,25179,마모,정수현
EQ0248,2024-05-31,임펠러,47mm,3,91506,50135,노후,이영희
EQ0248,2024-06-04,씰,21mm,4,88406,80916,마모,최민준
EQ0248,2024-08-09,로드,90mm,4,68009,91011,손상,김철수
EQ0249,2023-01-17,스프링,53mm,1,190311,50505,마모,정수현
EQ0249,2023-03-05,로드,39mm,4,111764,87028,마모,이영희
EQ0249,2023-05-29,스프링,20mm,4,101182,80787,노후,최민준
EQ0249,2024-06-15,권선,25mm,2,97468,59559,정기교체,최민준
EQ0250,2023-04-30,임펠러,64mm,4,148166,75597,손상,최민준
EQ0250,2024-03-17,베어링,67mm,2,152343,27512,정기교체,김철수
EQ0250,2024-04-25,밸브시트,56mm,2,195112,32764,정기교체,최민준
EQ0251,2023-12-27,스프링,35mm,2,71264,33926,마모,이영희
EQ0251,2024-03-27,베어링,65mm,2,52105,74410,노후,최민준
EQ0252,2023-03-03,권선,73mm,1,122695,44552,마모,김철수
EQ0252,2024-03-19,로드,33mm,3,109611,81356,마모,최민준
EQ0252,2024-06-26,피스톤,95mm,1,74932,43084,성능저하,김철수
EQ0252,2024-07-04,임펠러,33mm,3,82628,74447,정기교체,김철수
EQ0253,2023-12-13,케이싱,21mm,4,55209,44078,마모,김철수
EQ0253,2023-12-14,피스톤,72mm,4,109608,96840,성능저하,정수현
EQ0254,2023-02-28,필터,84mm,2,100583,23177,정기교체,이영희
EQ0254,2023-03-02,피스톤,66mm,3,140194,94200,노후,정수현
EQ0254,2023-05-06,피스톤,44mm,2,149764,21775,노후,이영희
EQ0254,2023-07-27,케이싱,61mm,1,172445,20783,노후,김철수
EQ0254,2023-12-31,씰,26mm,2,132610,21462,마모,이영희
EQ0255,2023-04-19,베어링,95mm,2,88598,66801,정기교체,정수현
EQ0256,2023-01-25,임펠러,51mm,4,147158,57101,손상,최민준
EQ0256,2023-05-30,스프링,20mm,1,59157,52717,성능저하,최민준
EQ0256,2024-03-18,베어링,67mm,4,190900,36978,정기교체,정수현
EQ0256,2024-04-07,스프링,89mm,4,144115,38015,노후,최민준
EQ0257,2023-02-05,피스톤,89mm,1,112132,68538,성능저하,이영희
EQ0257,2023-08-28,케이싱,18mm,3,158311,47240,손상,정수현
EQ0257,2024-01-20,스프링,89mm,3,122453,46520,손상,최민준
EQ0258,2023-07-24,임펠러,52mm,2,120183,75146,손상,최민준
EQ0258,2023-09-09,스프링,61mm,3,90078,94227,마모,박준호
EQ0259,2023-01-20,권선,91mm,4,41969,62084,마모,김철수
EQ0260,2023-03-17,케이싱,73mm,3,86924,95802,성능저하,최민준
EQ0260,2023-03-24,밸브시트,88mm,2,180952,38083,손상,김철수
EQ0260,2024-01-05,권선,37mm,2,43107,22862,손상,김철수
EQ0261,2023-02-16,케이싱,32mm,3,115528,83192,노후,최민준
EQ0261,2023-03-08,피스톤,41mm,1,22839,74557,마모,최민준
EQ0261,2023-10-12,씰,59mm,4,134514,93969,노후,박준호
EQ0262,2023-09-07,케이싱,24mm,3,148279,82544,마모,김철수
EQ0262,2023-09-15,임펠러,87mm,1,17676,57312,정기교체,김철수
EQ0262,2024-02-01,밸브시트,83mm,1,22185,40878,정기교체,정수현
EQ0262,2024-03-20,피스톤,99mm,3,75087,57649,정기교체,이영희
EQ0262,2024-07-25,밸브시트,63mm,4,123044,56409,노후,최민준
EQ0263,2023-02-20,필터,88mm,3,61141,30716,정기교체,박준호
EQ0263,2023-04-08,로드,87mm,4,184710,94789,노후,이영희
EQ0263,2024-03-11,베어링,94mm,3,145239,78373,손상,박준호
EQ0263,2024-08-16,로드,54mm,4,64534,56751,손상,김철수
EQ0264,2023-05-17,피스톤,53mm,2,56666,59135,마모,최민준
EQ0264,2023-05-22,로드,21mm,1,140062,98855,손상,정수현
EQ0265,2023-03-14,씰,87mm,3,170286,93597,마모,최민준
EQ0265,2023-09-12,케이싱,79mm,3,110844,85143,손상,최민준
EQ0265,2024-01-09,권선,84mm,1,59508,20579,성능저하,김철수
EQ0266,2023-01-02,필터,81mm,2,76477,20349,노후,정수현
EQ0266,2024-08-06,권선,61mm,2,158490,79566,정기교체,박준호
EQ0267,2023-05-12,씰,34mm,4,184623,90692,손상,정수현
EQ0267,2023-06-12,베어링,26mm,3,97877,41091,정기교체,박준호
EQ0267,2024-06-05,베어링,97mm,3,38957,27896,마모,김철수
EQ0267,2024-06-10,씰,55mm,2,20687,28694,손상,정수현
EQ0268,2023-02-05,밸브시트,39mm,3,115128,58966,성능저하,박준호
EQ0268,2023-08-30,케이싱,36mm,1,145046,44053,노후,박준호
EQ0268,2023-09-01,로드,46mm,4,57740,85490,손상,최민준
EQ0268,2023-12-29,로드,31mm,2,115111,20169,노후,이영희
EQ0269,2023-01-17,베어링,94mm,1,82666,75251,손상,정수현
EQ0269,2023-04-05,케이싱,35mm,4,91678,55069,정기교체,정수현
EQ0269,2023-12-21,임펠러,74mm,1,12094,65583,마모,박준호
EQ0270,2024-05-19,스프링,79mm,4,125091,40715,성능저하,박준호
EQ0270,2024-06-28,필터,39mm,2,77105,85675,성능저하,박준호
EQ0271,2023-01-13,권선,90mm,2,10372,99737,성능저하,정수현
EQ0271,2023-03-28,권선,73mm,4,186649,98576,정기교체,최민준
EQ0271,2023-08-14,베어링,81mm,1,12697,34903,마모,이영희
EQ0271,2023-11-03,케이싱,80mm,2,168817,54940,정기교체,최민준
EQ0272,2023-02-28,베어링,15mm,4,95532,83769,성능저하,정수현
EQ0272,2024-02-07,스프링,41mm,2,141827,82716,정기교체,정수현
EQ0273,2023-01-24,밸브시트,98mm,3,77229,83914,성능저하,박준호
EQ0273,2023-05-10,케이싱,12mm,2,132206,58577,손상,박준호
EQ0273,2024-05-17,로드,81mm,4,194847,61845,마모,이영희
EQ0274,2023-08-03,피스톤,67mm,2,173307,96180,손상,김철수
EQ0274,2024-03-14,권선,60mm,4,194248,75421,마모,이영희
EQ0274,2024-06-23,케이싱,37mm,1,131299,82469,정기교체,이영희
EQ0274,2024-06-24,밸브시트,74mm,4,31277,37503,노후,박준호
EQ0275,2023-03-30,베어링,84mm,4,196885,98910,정기교체,이영희
EQ0275,2023-10-05,케이싱,88mm,1,194017,93353,성능저하,최민준
EQ0275,2023-12-05,케이싱,59mm,3,18064,33986,손상,정수현
EQ0276,2023-04-01,밸브시트,96mm,3,141110,67812,노후,최민준
EQ0276,2023-04-04,권선,86mm,2,164855,56902,성능저하,박준호
EQ0276,2024-02-17,피스톤,54mm,4,41935,22663,성능저하,김철수
EQ0276,2024-03-27,로드,49mm,3,55248,27460,노후,정수현
EQ0277,2023-11-14,피스톤,54mm,1,155844,84114,손상,정수현
EQ0277,2024-07-04,권선,27mm,2,30840,75220,성능저하,박준호
EQ0278,2023-11-01,스프링,22mm,1,198161,82272,노후,이영희
EQ0278,2023-11-25,로드,85mm,2,98155,90071,손상,정수현
EQ0278,2024-04-21,스프링,72mm,3,82957,68582,정기교체,김철수
EQ0278,2024-05-07,케이싱,44mm,1,129180,91706,성능저하,이영희
EQ0278,2024-08-03,케이싱,11mm,2,80086,65248,마모,최민준
EQ0279,2023-10-26,케이싱,54mm,4,78079,90314,손상,박준호
EQ0279,2024-04-25,로드,91mm,4,95625,87737,노후,이영희
EQ0280,2023-06-20,베어링,93mm,2,66500,86483,노후,최민준
EQ0280,2023-07-10,권선,27mm,3,71049,27721,성능저하,박준호
EQ0280,2024-01-12,권선,80mm,3,139244,46619,손상,김철수
EQ0281,2023-05-04,케이싱,55mm,3,95305,24821,정기교체,정수현
EQ0281,2023-07-11,로드,17mm,1,26544,70936,노후,박준호
EQ0281,2024-05-06,밸브시트,75mm,2,116873,40232,정기교체,김철수
EQ0281,2024-06-28,필터,42mm,1,22198,28376,노후,정수현
EQ0282,2023-03-15,케이싱,34mm,4,86860,45822,마모,김철수
EQ0282,2024-04-26,스프링,47mm,4,181849,24014,정기교체,최민준
EQ0283,2023-02-05,케이싱,69mm,1,47603,48940,손상,박준호
EQ0283,2023-06-19,케이싱,53mm,3,167045,84558,손상,최민준
EQ0283,2023-08-23,스프링,49mm,1,19604,68029,정기교체,이영희
EQ0283,2024-03-04,케이싱,67mm,3,197275,51905,정기교체,이영희
EQ0284,2023-04-08,임펠러,68mm,4,177817,49712,정기교체,최민준
EQ0284,2023-06-15,필터,10mm,4,103733,43409,노후,정수현
EQ0284,2024-02-09,권선,55mm,4,105877,96668,정기교체,박준호
EQ0284,2024-03-18,베어링,88mm,4,44537,47337,마모,박준호
EQ0284,2024-03-31,밸브시트,75mm,3,74889,43406,노후,박준호
EQ0285,2023-03-04,로드,15mm,2,170362,45000,마모,김철수
EQ0285,2023-07-16,케이싱,19mm,2,106774,48353,성능저하,박준호
EQ0285,2024-07-28,권선,37mm,4,48649,59423,마모,이영희
EQ0286,2024-08-09,권선,82mm,2,186512,44829,마모,박준호
EQ0287,2024-04-13,로드,91mm,3,86855,46696,손상,최민준
EQ0288,2023-04-08,베어링,19mm,2,178671,30818,손상,김철수
EQ0288,2023-08-29,피스톤,99mm,4,179258,57154,마모,이영희
EQ0288,2023-09-19,케이싱,21mm,3,197939,99368,손상,박준호
EQ0288,2023-12-24,케이싱,80mm,3,44984,83478,마모,최민준
EQ0288,2024-02-05,임펠러,62mm,3,148243,70570,성능저하,최민준
EQ0289,2023-01-23,씰,91mm,1,14960,56283,노후,정수현
EQ0289,2023-04-03,필터,72mm,4,10733,81127,손상,이영희
EQ0289,2023-04-08,밸브시트,84mm,2,80775,86391,마모,이영희
EQ0289,2023-07-09,임펠러,41mm,2,130598,50825,정기교체,이영희
EQ0289,2024-06-05,피스톤,52mm,1,145789,24854,마모,최민준
EQ0290,2023-02-03,케이싱,67mm,1,127143,81976,성능저하,이영희
EQ0290,2023-02-27,로드,95mm,1,105168,82985,성능저하,정수현
EQ0290,2023-05-28,스프링,46mm,2,24497,91581,정기교체,최민준
EQ0290,2023-11-10,로드,94mm,1,69291,24231,정기교체,이영희
EQ0290,2024-03-18,임펠러,47mm,4,176518,56562,정기교체,김철수
EQ0291,2023-04-11,밸브시트,98mm,2,176045,38376,노후,최민준
EQ0291,2023-06-28,로드,17mm,1,161413,99382,손상,김철수
EQ0291,2023-12-21,임펠러,45mm,1,61632,66106,손상,최민준
EQ0292,2023-04-21,필터,84mm,4,195408,83178,노후,정수현
EQ0293,2023-09-23,로드,37mm,1,198477,41963,마모,정수현
EQ0293,2024-07-25,밸브시트,49mm,3,99950,25126,노후,박준호
EQ0294,2023-03-21,밸브시트,69mm,4,30146,42371,성능저하,최민준
EQ0294,2024-02-10,씰,55mm,4,184993,24388,성능저하,정수현
EQ0294,2024-06-02,씰,48mm,4,132184,92459,손상,박준호
EQ0295,2023-02-10,권선,66mm,4,172360,87310,노후,최민준
EQ0295,2023-08-31,임펠러,81mm,2,38283,61112,노후,김철수
EQ0295,2024-04-25,권선,93mm,2,95928,91679,노후,김철수
EQ0295,2024-08-14,피스톤,24mm,1,120840,47682,노후,이영희
EQ0296,2023-01-31,피스톤,11mm,1,42945,38760,마모,김철수
EQ0296,2023-04-21,피스톤,83mm,4,111019,61313,손상,박준호
EQ0296,2023-06-21,임펠러,51mm,4,93940,80126,마모,김철수
EQ0296,2024-02-24,로드,55mm,1,156274,98637,성능저하,김철수
EQ0296,2024-04-13,피스톤,22mm,3,52202,33528,손상,박준호
EQ0297,2023-06-23,임펠러,83mm,1,124462,41116,노후,김철수
EQ0297,2023-07-14,필터,93mm,4,42791,51027,정기교체,이영희
EQ0297,2024-08-03,씰,62mm,2,33196,26217,손상,이영희
EQ0297,2024-08-21,밸브시트,53mm,4,188531,44019,성능저하,김철수
EQ0298,2023-04-28,베어링,78mm,3,33792,72201,성능저하,이영희
EQ0298,2023-07-04,밸브시트,71mm,3,156300,55225,마모,정수현
EQ0299,2023-03-31,피스톤,72mm,4,197205,56537,성능저하,김철수
EQ0299,2023-04-18,필터,54mm,4,124100,45089,노후,김철수
EQ0299,2023-05-26,밸브시트,15mm,2,34347,57208,정기교체,박준호
EQ0299,2024-07-12,씰,53mm,4,47040,28678,성능저하,정수현
EQ0300,2023-03-13,스프링,65mm,1,93144,89894,손상,이영희
EQ0300,2023-04-24,밸브시트,50mm,1,77249,29240,정기교체,박준호
EQ0300,2023-09-03,씰,76mm,1,198722,75813,손상,김철수
EQ0300,2024-01-23,씰,55mm,2,127004,77328,손상,김철수
