기기ID,유지보수일자,유지보수유형,작업내용,소요시간(시간),비용(원),담당자,완료상태
EQ0001,2023-02-01,응급정비,윤활유 교체,5,361358,박준호,완료
EQ0001,2023-09-20,예방정비,조정 및 수리,5,174506,김철수,완료
EQ0001,2023-10-22,개선정비,전기 점검,3,345305,최민준,완료
EQ0001,2023-10-29,예방정비,윤활유 교체,1,129297,김철수,예정
EQ0001,2023-12-21,예방정비,조정 및 수리,3,401374,정수현,완료
EQ0001,2024-04-06,사후정비,전기 점검,6,217170,최민준,완료
EQ0001,2024-07-24,사후정비,조정 및 수리,7,414069,이영희,진행중
EQ0001,2024-08-11,개선정비,부품 교체,1,257796,박준호,완료
EQ0002,2023-04-08,개선정비,윤활유 교체,6,197511,정수현,완료
EQ0002,2023-09-17,예방정비,윤활유 교체,4,53909,최민준,완료
EQ0002,2024-03-13,개선정비,부품 교체,4,364689,김철수,완료
EQ0002,2024-06-13,응급정비,윤활유 교체,3,168409,박준호,완료
EQ0002,2024-06-21,응급정비,전기 점검,1,96642,이영희,완료
EQ0002,2024-07-26,응급정비,전기 점검,6,288860,최민준,완료
EQ0002,2024-08-17,개선정비,부품 교체,2,274876,이영희,완료
EQ0003,2023-03-19,개선정비,조정 및 수리,6,447422,정수현,완료
EQ0003,2023-10-02,사후정비,전기 점검,3,434062,김철수,완료
EQ0003,2023-12-10,응급정비,전기 점검,3,453365,김철수,진행중
EQ0003,2024-06-21,응급정비,윤활유 교체,2,335951,김철수,완료
EQ0004,2023-04-20,예방정비,윤활유 교체,7,211711,박준호,완료
EQ0004,2023-05-13,응급정비,윤활유 교체,5,239726,최민준,완료
EQ0004,2023-08-15,개선정비,부품 교체,4,189352,박준호,완료
EQ0004,2023-09-19,개선정비,청소 및 점검,5,127313,이영희,완료
EQ0004,2023-10-19,개선정비,부품 교체,3,51207,박준호,완료
EQ0004,2023-10-28,응급정비,전기 점검,7,120400,정수현,예정
EQ0004,2023-11-08,사후정비,부품 교체,3,330926,최민준,완료
EQ0004,2023-12-28,응급정비,청소 및 점검,4,152599,김철수,완료
EQ0005,2023-01-19,사후정비,청소 및 점검,3,118495,최민준,완료
EQ0005,2023-02-02,개선정비,윤활유 교체,6,288092,정수현,진행중
EQ0005,2024-01-30,사후정비,부품 교체,2,278934,정수현,완료
EQ0006,2023-01-01,개선정비,청소 및 점검,6,478625,최민준,완료
EQ0006,2023-02-09,개선정비,조정 및 수리,5,294470,최민준,완료
EQ0006,2023-07-17,사후정비,윤활유 교체,4,331728,최민준,완료
EQ0006,2023-07-23,예방정비,전기 점검,7,76649,정수현,완료
EQ0006,2023-09-21,예방정비,조정 및 수리,6,425253,이영희,진행중
EQ0006,2023-10-06,응급정비,부품 교체,3,150361,정수현,완료
EQ0006,2023-12-04,응급정비,전기 점검,6,300766,김철수,완료
EQ0007,2023-01-23,사후정비,전기 점검,2,144047,정수현,완료
EQ0007,2023-07-16,사후정비,조정 및 수리,3,292763,이영희,완료
EQ0007,2023-10-08,개선정비,청소 및 점검,4,383082,정수현,완료
EQ0007,2023-10-19,사후정비,청소 및 점검,6,281535,최민준,완료
EQ0007,2024-02-18,사후정비,부품 교체,6,250473,최민준,완료
EQ0007,2024-04-12,응급정비,전기 점검,4,53062,정수현,완료
EQ0008,2023-05-22,응급정비,조정 및 수리,7,84782,김철수,완료
EQ0008,2023-10-18,예방정비,청소 및 점검,4,83152,정수현,완료
EQ0008,2024-01-04,예방정비,전기 점검,7,207855,최민준,완료
EQ0008,2024-05-16,개선정비,전기 점검,4,399033,김철수,완료
EQ0009,2023-04-08,개선정비,윤활유 교체,5,406335,김철수,완료
EQ0009,2023-07-15,개선정비,청소 및 점검,2,389373,정수현,예정
EQ0009,2023-07-21,사후정비,윤활유 교체,5,95318,이영희,완료
EQ0009,2024-01-01,예방정비,조정 및 수리,4,295131,박준호,완료
EQ0009,2024-08-19,사후정비,윤활유 교체,5,489288,정수현,완료
EQ0010,2023-03-22,응급정비,조정 및 수리,3,490998,최민준,완료
EQ0010,2023-07-03,개선정비,윤활유 교체,2,55334,이영희,완료
EQ0010,2023-11-21,개선정비,부품 교체,3,173556,정수현,진행중
EQ0010,2024-04-27,예방정비,청소 및 점검,6,377694,박준호,완료
EQ0010,2024-06-07,예방정비,윤활유 교체,3,122246,박준호,완료
EQ0010,2024-06-28,사후정비,청소 및 점검,3,163949,김철수,완료
EQ0011,2023-03-01,예방정비,청소 및 점검,5,149427,정수현,완료
EQ0011,2023-08-09,사후정비,전기 점검,7,265716,이영희,완료
EQ0011,2024-07-28,사후정비,윤활유 교체,6,64853,정수현,완료
EQ0012,2023-02-22,사후정비,조정 및 수리,5,475445,박준호,완료
EQ0012,2023-03-24,예방정비,전기 점검,2,414793,정수현,완료
EQ0012,2023-04-01,개선정비,청소 및 점검,1,90452,이영희,완료
EQ0012,2023-04-02,응급정비,전기 점검,3,228065,김철수,완료
EQ0012,2023-06-19,사후정비,조정 및 수리,3,439257,최민준,완료
EQ0012,2024-01-07,개선정비,부품 교체,5,88541,박준호,완료
EQ0012,2024-01-27,응급정비,청소 및 점검,1,64075,최민준,완료
EQ0012,2024-07-24,개선정비,부품 교체,3,482657,정수현,완료
EQ0013,2023-01-06,개선정비,청소 및 점검,7,135263,이영희,완료
EQ0013,2023-04-17,응급정비,윤활유 교체,7,343478,정수현,완료
EQ0013,2023-11-13,개선정비,윤활유 교체,2,413136,정수현,완료
EQ0013,2023-12-29,사후정비,부품 교체,5,464526,박준호,완료
EQ0013,2024-03-13,사후정비,부품 교체,7,130221,김철수,완료
EQ0013,2024-05-12,예방정비,부품 교체,1,63950,박준호,완료
EQ0014,2023-01-12,개선정비,부품 교체,3,460556,박준호,완료
EQ0014,2023-01-14,예방정비,조정 및 수리,1,285814,최민준,완료
EQ0014,2023-03-03,예방정비,전기 점검,4,463602,김철수,완료
EQ0014,2023-07-18,예방정비,조정 및 수리,7,180263,이영희,완료
EQ0014,2024-03-27,응급정비,청소 및 점검,1,216169,박준호,완료
EQ0014,2024-07-16,응급정비,청소 및 점검,5,401105,최민준,완료
EQ0015,2023-04-29,응급정비,조정 및 수리,1,305055,정수현,예정
EQ0015,2023-08-07,예방정비,청소 및 점검,3,317729,박준호,완료
EQ0015,2024-02-15,응급정비,부품 교체,3,369307,박준호,완료
EQ0015,2024-05-16,사후정비,청소 및 점검,6,300669,이영희,완료
EQ0016,2023-12-31,응급정비,조정 및 수리,7,105700,최민준,완료
EQ0016,2024-01-26,개선정비,부품 교체,1,288344,정수현,완료
EQ0017,2023-03-24,개선정비,윤활유 교체,7,86388,정수현,진행중
EQ0017,2023-07-24,사후정비,윤활유 교체,7,204782,최민준,완료
EQ0017,2023-08-13,예방정비,조정 및 수리,1,76111,정수현,완료
EQ0017,2023-08-30,개선정비,전기 점검,3,57472,박준호,진행중
EQ0018,2023-01-26,개선정비,조정 및 수리,2,447439,정수현,진행중
EQ0018,2023-10-28,예방정비,조정 및 수리,4,335259,김철수,진행중
EQ0018,2024-07-01,응급정비,부품 교체,6,356167,정수현,진행중
EQ0019,2023-05-21,응급정비,청소 및 점검,3,211172,김철수,진행중
EQ0019,2024-01-01,응급정비,조정 및 수리,6,214097,최민준,완료
EQ0020,2023-02-03,예방정비,부품 교체,1,128655,정수현,완료
EQ0020,2023-05-16,예방정비,청소 및 점검,2,137009,박준호,완료
EQ0020,2023-05-30,사후정비,조정 및 수리,1,452860,이영희,완료
EQ0020,2023-06-18,개선정비,부품 교체,7,355815,이영희,완료
EQ0020,2023-10-02,예방정비,윤활유 교체,4,224943,박준호,완료
EQ0020,2023-10-05,예방정비,부품 교체,7,162784,박준호,완료
EQ0020,2023-11-19,개선정비,전기 점검,7,260792,박준호,예정
EQ0020,2024-04-06,예방정비,윤활유 교체,7,248482,최민준,완료
EQ0021,2023-05-12,응급정비,윤활유 교체,3,196362,김철수,완료
EQ0021,2023-11-02,예방정비,청소 및 점검,1,137498,최민준,완료
EQ0022,2023-05-06,개선정비,윤활유 교체,6,335215,박준호,완료
EQ0022,2023-11-11,예방정비,청소 및 점검,5,102340,이영희,완료
EQ0022,2024-01-22,응급정비,윤활유 교체,7,317357,최민준,완료
EQ0022,2024-02-14,개선정비,부품 교체,1,144148,최민준,완료
EQ0022,2024-03-15,응급정비,전기 점검,5,387088,최민준,완료
EQ0022,2024-05-25,예방정비,부품 교체,2,444414,최민준,진행중
EQ0023,2023-01-06,사후정비,부품 교체,7,167177,김철수,진행중
EQ0023,2023-01-10,개선정비,조정 및 수리,4,471601,최민준,완료
EQ0023,2023-07-12,예방정비,윤활유 교체,6,191142,이영희,완료
EQ0023,2023-08-21,사후정비,조정 및 수리,2,299369,김철수,완료
EQ0023,2023-10-08,사후정비,윤활유 교체,7,456810,박준호,완료
EQ0023,2024-06-06,사후정비,조정 및 수리,5,336195,박준호,완료
EQ0024,2023-05-23,응급정비,전기 점검,7,453150,박준호,완료
EQ0024,2023-06-19,응급정비,청소 및 점검,7,67945,최민준,완료
EQ0024,2024-01-29,사후정비,청소 및 점검,1,398472,최민준,완료
EQ0024,2024-08-06,응급정비,청소 및 점검,5,451938,김철수,완료
EQ0025,2023-08-07,사후정비,윤활유 교체,6,306477,박준호,완료
EQ0025,2023-08-22,예방정비,부품 교체,2,105448,박준호,완료
EQ0025,2023-08-25,예방정비,전기 점검,4,239441,정수현,완료
EQ0025,2023-10-01,개선정비,부품 교체,2,371973,박준호,완료
EQ0025,2023-12-25,개선정비,전기 점검,4,381591,김철수,완료
EQ0025,2024-03-02,예방정비,윤활유 교체,7,259109,정수현,완료
EQ0025,2024-03-05,개선정비,전기 점검,4,283354,최민준,완료
EQ0025,2024-05-12,응급정비,부품 교체,4,107805,이영희,진행중
EQ0026,2023-02-03,사후정비,윤활유 교체,2,489072,박준호,예정
EQ0026,2024-01-11,개선정비,청소 및 점검,1,462498,최민준,완료
EQ0026,2024-01-24,개선정비,조정 및 수리,4,427164,이영희,진행중
EQ0026,2024-02-29,사후정비,전기 점검,1,389924,정수현,완료
EQ0026,2024-03-30,예방정비,조정 및 수리,7,487213,정수현,완료
EQ0026,2024-06-18,개선정비,부품 교체,5,310769,박준호,완료
EQ0026,2024-07-24,개선정비,부품 교체,6,139547,박준호,완료
EQ0027,2023-09-13,개선정비,부품 교체,2,469685,이영희,완료
EQ0027,2024-01-08,응급정비,전기 점검,3,252517,최민준,완료
EQ0027,2024-01-19,개선정비,조정 및 수리,6,115196,최민준,완료
EQ0027,2024-04-09,사후정비,부품 교체,1,443931,최민준,완료
EQ0027,2024-08-15,개선정비,윤활유 교체,7,396397,박준호,완료
EQ0028,2023-09-23,사후정비,윤활유 교체,5,425796,박준호,완료
EQ0028,2024-01-27,예방정비,청소 및 점검,4,124843,최민준,완료
EQ0029,2023-04-11,개선정비,윤활유 교체,2,393045,김철수,진행중
EQ0029,2023-09-28,예방정비,부품 교체,3,308516,박준호,완료
EQ0029,2024-01-11,예방정비,전기 점검,5,326389,박준호,완료
EQ0029,2024-01-21,개선정비,전기 점검,6,316104,박준호,완료
EQ0029,2024-02-11,응급정비,전기 점검,2,165517,이영희,완료
EQ0030,2023-03-01,개선정비,청소 및 점검,1,468452,최민준,완료
EQ0030,2023-03-26,개선정비,부품 교체,2,264867,김철수,완료
EQ0030,2023-05-26,예방정비,조정 및 수리,4,153026,김철수,완료
EQ0030,2023-12-16,예방정비,조정 및 수리,4,411757,박준호,완료
EQ0030,2024-01-13,예방정비,윤활유 교체,3,377296,정수현,완료
EQ0030,2024-05-02,개선정비,윤활유 교체,4,191798,김철수,완료
EQ0030,2024-05-21,응급정비,조정 및 수리,6,499118,박준호,완료
EQ0031,2023-01-19,예방정비,전기 점검,3,463855,최민준,완료
EQ0031,2023-02-18,예방정비,부품 교체,7,257506,이영희,완료
EQ0031,2023-03-05,응급정비,전기 점검,6,94560,정수현,진행중
EQ0031,2023-05-17,사후정비,윤활유 교체,2,370979,김철수,완료
EQ0031,2023-07-10,개선정비,윤활유 교체,1,328254,김철수,완료
EQ0031,2023-08-22,예방정비,전기 점검,7,407978,최민준,완료
EQ0031,2023-09-14,개선정비,청소 및 점검,4,123533,이영희,진행중
EQ0031,2024-07-08,사후정비,청소 및 점검,5,401420,박준호,완료
EQ0032,2023-02-05,사후정비,부품 교체,7,243666,김철수,완료
EQ0032,2023-02-05,사후정비,청소 및 점검,2,118702,이영희,진행중
EQ0032,2023-05-17,개선정비,조정 및 수리,4,327034,이영희,진행중
EQ0032,2023-06-16,응급정비,부품 교체,1,302138,정수현,완료
EQ0032,2023-07-05,예방정비,윤활유 교체,2,260582,정수현,완료
EQ0032,2023-12-22,응급정비,조정 및 수리,2,104040,이영희,완료
EQ0033,2023-01-19,예방정비,조정 및 수리,5,390740,이영희,완료
EQ0033,2023-10-05,응급정비,조정 및 수리,6,89387,최민준,완료
EQ0033,2024-05-02,사후정비,윤활유 교체,4,307789,김철수,완료
EQ0033,2024-05-29,개선정비,청소 및 점검,4,172349,정수현,완료
EQ0034,2023-01-04,응급정비,전기 점검,2,175298,최민준,완료
EQ0034,2023-10-23,응급정비,윤활유 교체,3,188769,최민준,완료
EQ0034,2023-12-10,개선정비,청소 및 점검,5,117957,이영희,완료
EQ0034,2024-02-02,개선정비,윤활유 교체,5,229819,이영희,완료
EQ0034,2024-03-31,사후정비,부품 교체,1,466191,이영희,완료
EQ0034,2024-05-27,응급정비,조정 및 수리,3,404449,김철수,진행중
EQ0034,2024-06-19,개선정비,부품 교체,6,219511,정수현,완료
EQ0035,2023-04-20,예방정비,부품 교체,3,428278,이영희,완료
EQ0035,2023-05-30,사후정비,청소 및 점검,4,141991,최민준,완료
EQ0035,2023-08-31,개선정비,청소 및 점검,2,318212,김철수,완료
EQ0035,2024-03-23,응급정비,부품 교체,5,297279,이영희,완료
EQ0035,2024-03-28,사후정비,윤활유 교체,6,226120,이영희,완료
EQ0036,2023-03-21,사후정비,조정 및 수리,2,142438,정수현,완료
EQ0036,2023-05-31,사후정비,조정 및 수리,4,59070,최민준,완료
EQ0036,2023-06-21,응급정비,윤활유 교체,1,334171,김철수,완료
EQ0036,2023-12-05,예방정비,윤활유 교체,2,343270,이영희,진행중
EQ0036,2024-01-03,응급정비,조정 및 수리,6,411035,최민준,완료
EQ0036,2024-08-07,사후정비,전기 점검,4,148172,김철수,완료
EQ0037,2023-02-05,사후정비,전기 점검,3,479940,이영희,완료
EQ0037,2023-05-04,응급정비,부품 교체,6,95102,김철수,완료
EQ0037,2023-08-21,사후정비,전기 점검,1,233308,최민준,완료
EQ0037,2024-01-19,예방정비,윤활유 교체,7,320651,김철수,예정
EQ0037,2024-04-07,사후정비,부품 교체,7,285479,김철수,완료
EQ0038,2023-01-01,예방정비,윤활유 교체,2,284154,박준호,완료
EQ0038,2023-01-21,사후정비,부품 교체,1,202270,최민준,완료
EQ0038,2023-12-15,예방정비,조정 및 수리,3,221064,이영희,완료
EQ0038,2024-01-17,응급정비,전기 점검,3,106439,정수현,완료
EQ0038,2024-06-03,사후정비,청소 및 점검,2,340577,최민준,완료
EQ0039,2023-08-25,사후정비,전기 점검,3,354561,김철수,완료
EQ0039,2023-09-10,개선정비,조정 및 수리,1,268364,박준호,완료
EQ0039,2023-11-23,사후정비,부품 교체,4,326849,이영희,완료
EQ0039,2024-01-02,사후정비,조정 및 수리,2,494306,박준호,진행중
EQ0039,2024-03-20,개선정비,청소 및 점검,4,112977,김철수,완료
EQ0039,2024-04-19,사후정비,청소 및 점검,1,128508,김철수,완료
EQ0039,2024-05-30,예방정비,청소 및 점검,5,418637,박준호,완료
EQ0040,2023-01-10,예방정비,조정 및 수리,4,94377,이영희,진행중
EQ0040,2023-03-23,사후정비,윤활유 교체,3,70575,김철수,완료
EQ0040,2023-08-04,응급정비,전기 점검,3,262213,정수현,완료
EQ0040,2023-11-07,개선정비,청소 및 점검,5,463710,최민준,진행중
EQ0040,2024-01-04,예방정비,전기 점검,2,92120,이영희,완료
EQ0040,2024-06-04,예방정비,조정 및 수리,5,183662,이영희,완료
EQ0041,2024-02-25,예방정비,부품 교체,3,70936,박준호,완료
EQ0041,2024-02-28,응급정비,부품 교체,3,194843,김철수,완료
EQ0042,2023-02-23,응급정비,부품 교체,6,324173,정수현,완료
EQ0042,2023-03-29,사후정비,부품 교체,6,437166,정수현,완료
EQ0042,2023-07-07,응급정비,청소 및 점검,2,189355,정수현,진행중
EQ0042,2023-12-02,사후정비,청소 및 점검,3,161477,정수현,예정
EQ0042,2024-01-05,예방정비,청소 및 점검,3,86822,김철수,완료
EQ0042,2024-07-17,사후정비,청소 및 점검,3,405269,정수현,완료
EQ0043,2024-04-06,예방정비,조정 및 수리,2,480282,최민준,완료
EQ0043,2024-07-30,사후정비,전기 점검,4,384393,최민준,완료
EQ0044,2023-01-27,사후정비,전기 점검,7,429928,이영희,완료
EQ0044,2023-09-25,사후정비,부품 교체,5,445627,박준호,완료
EQ0045,2023-03-03,사후정비,전기 점검,5,198694,박준호,완료
EQ0045,2023-05-06,예방정비,전기 점검,5,363269,정수현,예정
EQ0045,2023-09-09,개선정비,조정 및 수리,1,113917,최민준,완료
EQ0045,2023-09-11,예방정비,청소 및 점검,3,442758,김철수,완료
EQ0045,2024-03-31,응급정비,부품 교체,5,297142,최민준,완료
EQ0045,2024-07-30,사후정비,조정 및 수리,4,410408,최민준,완료
EQ0046,2023-06-14,사후정비,전기 점검,7,140162,김철수,진행중
EQ0046,2023-07-15,사후정비,부품 교체,2,291090,최민준,완료
EQ0046,2023-08-11,사후정비,전기 점검,7,177048,김철수,완료
EQ0046,2024-01-03,응급정비,청소 및 점검,4,65948,이영희,완료
EQ0046,2024-03-10,예방정비,청소 및 점검,1,396048,정수현,완료
EQ0046,2024-07-07,응급정비,전기 점검,7,152601,최민준,완료
EQ0046,2024-07-19,개선정비,청소 및 점검,7,450819,최민준,완료
EQ0047,2023-03-13,예방정비,청소 및 점검,4,292950,정수현,완료
EQ0047,2023-04-15,예방정비,전기 점검,1,165754,최민준,완료
EQ0047,2023-10-20,응급정비,청소 및 점검,3,248155,이영희,완료
EQ0047,2023-11-07,사후정비,전기 점검,7,439091,정수현,완료
EQ0047,2023-12-14,사후정비,조정 및 수리,2,68231,박준호,완료
EQ0047,2024-02-24,응급정비,윤활유 교체,7,229702,이영희,완료
EQ0047,2024-05-23,응급정비,윤활유 교체,6,135643,최민준,예정
EQ0048,2023-04-20,응급정비,윤활유 교체,5,405203,이영희,완료
EQ0048,2023-06-08,개선정비,전기 점검,2,363686,박준호,완료
EQ0048,2023-08-07,예방정비,윤활유 교체,4,310117,이영희,완료
EQ0048,2023-09-29,예방정비,조정 및 수리,6,312353,박준호,완료
EQ0048,2023-11-25,응급정비,부품 교체,1,371874,박준호,완료
EQ0048,2024-01-11,예방정비,부품 교체,2,393259,최민준,진행중
EQ0048,2024-02-01,응급정비,전기 점검,1,177215,최민준,완료
EQ0048,2024-07-13,예방정비,부품 교체,6,321312,최민준,완료
EQ0049,2023-02-18,개선정비,윤활유 교체,7,187245,정수현,완료
EQ0049,2023-05-14,사후정비,전기 점검,4,215438,최민준,완료
EQ0049,2024-06-29,예방정비,윤활유 교체,2,157083,정수현,완료
EQ0050,2023-04-09,예방정비,윤활유 교체,5,228217,최민준,완료
EQ0050,2024-05-26,예방정비,조정 및 수리,7,91971,김철수,완료
EQ0050,2024-07-22,응급정비,청소 및 점검,4,63937,최민준,완료
EQ0051,2023-03-21,사후정비,청소 및 점검,4,359750,이영희,예정
EQ0051,2023-03-24,사후정비,청소 및 점검,3,267776,정수현,완료
EQ0051,2023-11-07,응급정비,전기 점검,2,227042,박준호,완료
EQ0051,2023-12-18,예방정비,윤활유 교체,6,492563,정수현,완료
EQ0051,2024-01-23,예방정비,부품 교체,5,101055,최민준,완료
EQ0052,2023-04-04,응급정비,조정 및 수리,4,129942,김철수,완료
EQ0052,2023-12-11,사후정비,조정 및 수리,3,137597,박준호,예정
EQ0052,2024-01-02,응급정비,조정 및 수리,6,305385,박준호,진행중
EQ0052,2024-06-11,사후정비,전기 점검,1,303199,김철수,진행중
EQ0052,2024-08-07,응급정비,부품 교체,6,329509,최민준,완료
EQ0053,2023-02-13,사후정비,청소 및 점검,3,234887,이영희,예정
EQ0053,2023-05-31,개선정비,전기 점검,3,253612,정수현,완료
EQ0053,2023-08-05,예방정비,윤활유 교체,3,90664,박준호,완료
EQ0053,2023-12-06,사후정비,조정 및 수리,7,444272,최민준,완료
EQ0053,2023-12-23,사후정비,조정 및 수리,6,151483,정수현,완료
EQ0053,2024-03-19,사후정비,청소 및 점검,1,457357,박준호,예정
EQ0053,2024-05-27,예방정비,청소 및 점검,5,146544,최민준,완료
EQ0053,2024-05-28,사후정비,전기 점검,6,494400,박준호,예정
EQ0054,2023-03-25,응급정비,윤활유 교체,7,170542,김철수,진행중
EQ0054,2023-04-11,예방정비,전기 점검,7,426731,김철수,완료
EQ0054,2023-12-05,예방정비,부품 교체,4,210236,이영희,완료
EQ0054,2023-12-12,사후정비,윤활유 교체,7,423814,최민준,완료
EQ0054,2024-02-17,사후정비,조정 및 수리,6,84337,정수현,완료
EQ0054,2024-08-04,응급정비,조정 및 수리,3,56044,이영희,완료
EQ0055,2023-03-28,사후정비,청소 및 점검,4,317466,정수현,진행중
EQ0055,2023-06-04,사후정비,청소 및 점검,2,194909,김철수,완료
EQ0055,2023-12-23,개선정비,부품 교체,5,302020,정수현,완료
EQ0055,2024-04-10,예방정비,윤활유 교체,4,129459,정수현,완료
EQ0055,2024-06-12,예방정비,조정 및 수리,1,134732,최민준,완료
EQ0055,2024-07-04,사후정비,윤활유 교체,7,319719,최민준,완료
EQ0055,2024-07-14,예방정비,부품 교체,7,208539,김철수,완료
EQ0056,2023-05-12,예방정비,부품 교체,4,373960,최민준,완료
EQ0056,2023-12-05,응급정비,윤활유 교체,5,179335,김철수,완료
EQ0056,2024-01-25,예방정비,부품 교체,1,188703,정수현,완료
EQ0056,2024-05-31,개선정비,청소 및 점검,7,109807,김철수,완료
EQ0057,2023-04-15,개선정비,윤활유 교체,5,302987,최민준,완료
EQ0057,2023-05-21,응급정비,조정 및 수리,2,60047,김철수,완료
EQ0057,2023-07-31,개선정비,전기 점검,7,147519,김철수,완료
EQ0057,2023-11-04,응급정비,전기 점검,1,202871,박준호,완료
EQ0058,2023-03-14,예방정비,청소 및 점검,1,56476,김철수,완료
EQ0058,2023-04-16,예방정비,부품 교체,1,139976,이영희,완료
EQ0058,2023-06-06,응급정비,청소 및 점검,7,341211,정수현,완료
EQ0058,2023-10-09,응급정비,전기 점검,4,203573,이영희,완료
EQ0058,2023-11-02,사후정비,전기 점검,6,472139,박준호,진행중
EQ0058,2024-07-20,개선정비,조정 및 수리,3,478534,최민준,완료
EQ0059,2023-05-28,예방정비,윤활유 교체,2,150434,이영희,예정
EQ0059,2023-09-28,사후정비,청소 및 점검,4,189097,정수현,예정
EQ0059,2024-03-28,개선정비,조정 및 수리,4,325048,이영희,완료
EQ0060,2024-01-18,개선정비,전기 점검,7,359061,박준호,완료
EQ0060,2024-03-12,응급정비,조정 및 수리,3,252811,김철수,완료
EQ0060,2024-03-26,사후정비,조정 및 수리,7,317868,박준호,완료
EQ0060,2024-04-16,개선정비,윤활유 교체,3,55817,최민준,완료
EQ0060,2024-06-02,사후정비,부품 교체,4,410713,박준호,완료
EQ0061,2023-07-31,예방정비,조정 및 수리,1,308474,최민준,완료
EQ0061,2023-12-13,개선정비,청소 및 점검,7,441238,정수현,완료
EQ0061,2024-02-22,응급정비,청소 및 점검,1,369925,김철수,완료
EQ0061,2024-06-29,사후정비,부품 교체,5,399576,최민준,완료
EQ0062,2023-03-12,사후정비,청소 및 점검,4,363419,박준호,완료
EQ0062,2023-04-05,응급정비,부품 교체,4,102268,이영희,진행중
EQ0062,2023-08-16,사후정비,청소 및 점검,2,275985,이영희,완료
EQ0062,2024-01-18,예방정비,청소 및 점검,7,103492,정수현,완료
EQ0062,2024-03-06,응급정비,전기 점검,1,340250,정수현,완료
EQ0062,2024-04-20,응급정비,조정 및 수리,2,246087,정수현,진행중
EQ0062,2024-07-17,예방정비,조정 및 수리,7,454088,박준호,완료
EQ0062,2024-08-06,사후정비,윤활유 교체,5,137743,최민준,완료
EQ0063,2023-01-03,사후정비,부품 교체,4,423142,이영희,완료
EQ0063,2023-07-25,예방정비,청소 및 점검,1,71497,이영희,완료
EQ0063,2023-08-03,예방정비,청소 및 점검,4,283082,이영희,완료
EQ0063,2023-08-18,예방정비,윤활유 교체,5,479932,박준호,완료
EQ0063,2023-12-15,응급정비,윤활유 교체,6,225101,박준호,완료
EQ0063,2024-05-22,사후정비,조정 및 수리,5,365560,김철수,완료
EQ0064,2023-01-22,사후정비,청소 및 점검,4,71775,이영희,진행중
EQ0064,2023-04-05,개선정비,조정 및 수리,2,136465,이영희,완료
EQ0064,2023-10-05,개선정비,전기 점검,1,459320,이영희,완료
EQ0064,2023-11-09,개선정비,부품 교체,4,240588,박준호,완료
EQ0064,2024-03-16,사후정비,청소 및 점검,5,492821,최민준,완료
EQ0064,2024-04-01,응급정비,청소 및 점검,7,74946,김철수,진행중
EQ0064,2024-04-20,예방정비,부품 교체,2,474252,이영희,완료
EQ0064,2024-06-24,개선정비,윤활유 교체,6,63635,이영희,완료
EQ0065,2023-08-06,예방정비,조정 및 수리,3,128254,김철수,완료
EQ0065,2023-08-24,개선정비,윤활유 교체,6,155351,박준호,완료
EQ0065,2024-01-04,예방정비,부품 교체,1,109003,정수현,완료
EQ0065,2024-04-13,응급정비,청소 및 점검,5,124852,이영희,완료
EQ0065,2024-08-09,개선정비,전기 점검,2,458914,이영희,완료
EQ0066,2023-02-22,응급정비,전기 점검,4,233068,정수현,진행중
EQ0066,2023-07-07,예방정비,조정 및 수리,5,321449,정수현,완료
EQ0066,2023-07-29,응급정비,청소 및 점검,4,100975,박준호,완료
EQ0066,2023-08-21,개선정비,전기 점검,5,83430,최민준,완료
EQ0066,2023-10-23,사후정비,윤활유 교체,1,253125,김철수,예정
EQ0066,2024-03-23,사후정비,윤활유 교체,3,249105,이영희,완료
EQ0066,2024-03-31,사후정비,부품 교체,1,345927,박준호,완료
EQ0067,2023-04-03,사후정비,전기 점검,1,224430,정수현,완료
EQ0067,2023-06-13,사후정비,조정 및 수리,2,65622,이영희,완료
EQ0067,2024-04-30,개선정비,부품 교체,5,289885,최민준,완료
EQ0068,2023-04-27,사후정비,윤활유 교체,4,436934,이영희,진행중
EQ0068,2023-12-24,예방정비,전기 점검,1,224311,최민준,완료
EQ0068,2024-06-20,예방정비,청소 및 점검,3,217275,박준호,진행중
EQ0068,2024-07-13,예방정비,전기 점검,2,365993,이영희,완료
EQ0068,2024-08-16,사후정비,조정 및 수리,6,380105,김철수,완료
EQ0069,2023-06-08,예방정비,윤활유 교체,3,212348,김철수,완료
EQ0069,2023-07-17,개선정비,조정 및 수리,6,281042,정수현,완료
EQ0069,2023-08-30,예방정비,윤활유 교체,6,100324,김철수,완료
EQ0069,2023-11-26,개선정비,전기 점검,6,468144,최민준,진행중
EQ0070,2024-02-17,응급정비,윤활유 교체,1,97674,최민준,완료
EQ0070,2024-08-01,사후정비,전기 점검,1,317165,최민준,진행중
EQ0071,2023-03-02,사후정비,조정 및 수리,7,417533,정수현,완료
EQ0071,2023-03-20,사후정비,조정 및 수리,5,464666,이영희,완료
EQ0071,2023-05-09,개선정비,윤활유 교체,4,186671,정수현,완료
EQ0071,2023-05-09,예방정비,청소 및 점검,7,143219,김철수,완료
EQ0071,2023-06-12,개선정비,청소 및 점검,1,329405,김철수,완료
EQ0071,2023-08-03,개선정비,전기 점검,1,440612,박준호,완료
EQ0072,2023-04-25,응급정비,부품 교체,6,422110,최민준,완료
EQ0072,2023-09-27,개선정비,윤활유 교체,5,363678,김철수,완료
EQ0072,2023-10-14,응급정비,부품 교체,7,224634,최민준,완료
EQ0072,2024-02-16,사후정비,청소 및 점검,6,474388,김철수,완료
EQ0073,2023-07-14,예방정비,부품 교체,5,101544,이영희,진행중
EQ0073,2023-07-15,예방정비,조정 및 수리,1,279735,박준호,예정
EQ0073,2023-11-13,개선정비,전기 점검,2,314029,김철수,진행중
EQ0073,2023-12-28,응급정비,청소 및 점검,5,192841,최민준,완료
EQ0074,2023-01-30,사후정비,전기 점검,5,471496,정수현,완료
EQ0074,2023-03-24,사후정비,전기 점검,3,384747,이영희,완료
EQ0074,2023-09-28,사후정비,조정 및 수리,6,336304,최민준,완료
EQ0074,2024-01-17,응급정비,윤활유 교체,1,383822,최민준,완료
EQ0074,2024-07-01,사후정비,전기 점검,1,405418,최민준,완료
EQ0074,2024-07-30,응급정비,전기 점검,6,378558,김철수,진행중
EQ0075,2023-02-26,사후정비,전기 점검,7,274376,박준호,진행중
EQ0075,2023-05-03,사후정비,전기 점검,7,247610,이영희,완료
EQ0075,2023-09-21,사후정비,부품 교체,6,178443,박준호,완료
EQ0075,2024-03-31,예방정비,전기 점검,5,209135,김철수,완료
EQ0076,2023-02-21,예방정비,청소 및 점검,3,169925,박준호,완료
EQ0076,2023-06-10,사후정비,전기 점검,7,140962,최민준,예정
EQ0076,2023-07-23,사후정비,전기 점검,3,109031,최민준,완료
EQ0076,2023-10-11,사후정비,부품 교체,4,228568,최민준,완료
EQ0076,2023-10-24,개선정비,윤활유 교체,7,246086,김철수,완료
EQ0076,2024-03-29,개선정비,청소 및 점검,7,100985,정수현,진행중
EQ0076,2024-05-01,예방정비,부품 교체,4,476606,김철수,완료
EQ0076,2024-05-10,예방정비,윤활유 교체,7,60209,정수현,완료
EQ0077,2023-02-28,사후정비,윤활유 교체,3,236342,이영희,완료
EQ0077,2023-06-03,응급정비,윤활유 교체,6,186731,이영희,완료
EQ0077,2023-06-27,응급정비,조정 및 수리,2,319570,김철수,완료
EQ0077,2023-07-28,개선정비,전기 점검,7,80796,이영희,완료
EQ0077,2023-10-02,개선정비,전기 점검,4,243806,정수현,완료
EQ0077,2023-10-27,개선정비,부품 교체,4,80993,정수현,완료
EQ0077,2023-11-28,개선정비,조정 및 수리,4,87879,이영희,진행중
EQ0077,2024-02-28,응급정비,청소 및 점검,1,186207,김철수,예정
EQ0078,2023-03-10,예방정비,청소 및 점검,1,299720,박준호,완료
EQ0078,2023-04-16,사후정비,윤활유 교체,3,183404,정수현,완료
EQ0078,2023-09-06,예방정비,전기 점검,7,277778,최민준,완료
EQ0078,2023-11-09,개선정비,전기 점검,5,236982,김철수,완료
EQ0078,2024-03-21,개선정비,부품 교체,1,138309,이영희,완료
EQ0079,2023-01-02,사후정비,윤활유 교체,4,376891,김철수,완료
EQ0079,2023-10-20,예방정비,전기 점검,2,145011,정수현,완료
EQ0079,2023-11-08,사후정비,윤활유 교체,7,375886,김철수,완료
EQ0079,2023-11-08,예방정비,청소 및 점검,6,224122,이영희,예정
EQ0079,2024-06-02,개선정비,윤활유 교체,3,205934,최민준,완료
EQ0079,2024-07-09,예방정비,윤활유 교체,1,248641,최민준,완료
EQ0079,2024-07-14,응급정비,조정 및 수리,4,407085,김철수,완료
EQ0080,2023-04-24,개선정비,조정 및 수리,4,158768,김철수,완료
EQ0080,2023-08-13,예방정비,윤활유 교체,1,253814,김철수,예정
EQ0080,2023-11-14,응급정비,전기 점검,6,267501,최민준,완료
EQ0080,2024-02-09,개선정비,윤활유 교체,5,413267,박준호,완료
EQ0080,2024-07-26,예방정비,청소 및 점검,1,325731,최민준,완료
EQ0081,2023-08-11,예방정비,청소 및 점검,4,470290,정수현,완료
EQ0081,2023-09-17,예방정비,조정 및 수리,4,382991,정수현,완료
EQ0081,2023-11-12,사후정비,부품 교체,5,158898,최민준,완료
EQ0081,2023-12-14,예방정비,전기 점검,3,114427,이영희,완료
EQ0081,2024-02-01,사후정비,윤활유 교체,7,143695,박준호,완료
EQ0081,2024-02-29,예방정비,전기 점검,7,286871,박준호,완료
EQ0081,2024-06-20,개선정비,전기 점검,5,236372,최민준,완료
EQ0082,2023-05-19,응급정비,조정 및 수리,7,158262,최민준,완료
EQ0082,2023-09-01,예방정비,윤활유 교체,6,143262,정수현,완료
EQ0083,2023-01-07,응급정비,청소 및 점검,1,309381,김철수,완료
EQ0083,2023-05-23,예방정비,청소 및 점검,5,376710,박준호,완료
EQ0083,2023-05-28,응급정비,조정 및 수리,2,234075,김철수,예정
EQ0083,2023-07-04,예방정비,전기 점검,7,192411,이영희,예정
EQ0083,2023-09-28,사후정비,청소 및 점검,4,69944,최민준,완료
EQ0083,2024-04-17,사후정비,윤활유 교체,7,112976,김철수,완료
EQ0084,2023-10-08,개선정비,전기 점검,2,454355,박준호,완료
EQ0084,2023-10-08,응급정비,청소 및 점검,6,271507,박준호,완료
EQ0084,2023-12-17,사후정비,청소 및 점검,3,351970,김철수,완료
EQ0084,2024-05-16,예방정비,전기 점검,5,228164,김철수,완료
EQ0085,2023-03-30,개선정비,전기 점검,2,202473,최민준,완료
EQ0085,2023-04-10,응급정비,청소 및 점검,6,187858,이영희,완료
EQ0085,2023-05-20,응급정비,조정 및 수리,2,290381,정수현,완료
EQ0085,2023-06-14,응급정비,조정 및 수리,3,436651,이영희,완료
EQ0085,2023-08-07,예방정비,전기 점검,4,145707,이영희,완료
EQ0085,2023-08-25,개선정비,부품 교체,7,110854,김철수,완료
EQ0085,2024-03-11,예방정비,윤활유 교체,2,358357,정수현,완료
EQ0085,2024-08-15,개선정비,윤활유 교체,4,146915,박준호,완료
EQ0086,2023-01-07,개선정비,조정 및 수리,4,119745,최민준,완료
EQ0086,2023-02-13,사후정비,청소 및 점검,5,409045,이영희,완료
EQ0086,2023-02-21,응급정비,윤활유 교체,6,302140,정수현,완료
EQ0086,2024-04-05,예방정비,조정 및 수리,3,426169,정수현,완료
EQ0086,2024-04-13,예방정비,조정 및 수리,4,100277,정수현,완료
EQ0086,2024-04-29,예방정비,전기 점검,4,410614,최민준,완료
EQ0086,2024-07-29,응급정비,전기 점검,3,92115,김철수,진행중
EQ0087,2023-02-01,개선정비,조정 및 수리,3,57898,김철수,완료
EQ0087,2023-02-04,예방정비,윤활유 교체,7,178934,김철수,완료
EQ0087,2023-04-03,예방정비,부품 교체,3,208438,정수현,완료
EQ0087,2023-04-20,개선정비,조정 및 수리,1,357941,박준호,완료
EQ0087,2023-09-16,예방정비,부품 교체,6,488580,최민준,예정
EQ0088,2023-08-29,예방정비,전기 점검,7,468412,박준호,완료
EQ0088,2023-09-05,응급정비,윤활유 교체,4,65096,박준호,완료
EQ0088,2023-10-24,응급정비,전기 점검,7,471849,박준호,완료
EQ0088,2023-11-12,개선정비,청소 및 점검,7,251599,박준호,진행중
EQ0088,2023-11-23,예방정비,전기 점검,5,102287,김철수,완료
EQ0088,2024-06-12,개선정비,청소 및 점검,4,178081,김철수,완료
EQ0088,2024-06-14,사후정비,윤활유 교체,6,356422,박준호,예정
EQ0088,2024-08-19,예방정비,윤활유 교체,4,471009,최민준,완료
EQ0089,2023-07-09,응급정비,전기 점검,7,407525,정수현,완료
EQ0089,2023-07-26,사후정비,전기 점검,1,428884,박준호,완료
EQ0089,2023-08-19,개선정비,전기 점검,3,405029,최민준,완료
EQ0089,2023-08-20,예방정비,청소 및 점검,5,159538,김철수,진행중
EQ0089,2024-01-01,예방정비,조정 및 수리,1,200163,이영희,완료
EQ0089,2024-02-04,예방정비,윤활유 교체,2,89253,이영희,완료
EQ0089,2024-02-25,예방정비,윤활유 교체,2,66035,최민준,완료
EQ0089,2024-03-08,예방정비,윤활유 교체,1,191527,김철수,완료
EQ0090,2023-04-11,응급정비,부품 교체,1,358534,정수현,완료
EQ0090,2023-07-30,사후정비,전기 점검,2,327176,최민준,완료
EQ0090,2023-11-19,응급정비,조정 및 수리,3,335158,최민준,완료
EQ0090,2024-02-07,응급정비,윤활유 교체,5,437529,김철수,완료
EQ0090,2024-04-09,개선정비,윤활유 교체,3,306350,최민준,완료
EQ0090,2024-08-20,응급정비,윤활유 교체,6,150265,정수현,완료
EQ0091,2023-05-19,개선정비,청소 및 점검,3,408948,최민준,완료
EQ0091,2023-06-02,예방정비,윤활유 교체,2,425503,이영희,완료
EQ0091,2023-12-29,예방정비,청소 및 점검,7,287560,이영희,완료
EQ0091,2024-02-23,사후정비,청소 및 점검,3,321507,김철수,완료
EQ0091,2024-07-09,응급정비,조정 및 수리,2,160383,정수현,완료
EQ0091,2024-07-28,개선정비,조정 및 수리,4,469283,정수현,완료
EQ0092,2023-03-11,사후정비,전기 점검,7,63070,김철수,완료
EQ0092,2024-06-14,개선정비,윤활유 교체,5,428936,최민준,완료
EQ0093,2023-12-09,개선정비,전기 점검,4,139338,박준호,완료
EQ0093,2024-01-15,개선정비,조정 및 수리,6,198953,정수현,완료
EQ0093,2024-04-06,예방정비,전기 점검,5,404757,최민준,완료
EQ0093,2024-06-19,개선정비,윤활유 교체,1,195219,김철수,완료
EQ0093,2024-07-04,응급정비,조정 및 수리,5,489681,이영희,완료
EQ0094,2023-01-21,사후정비,부품 교체,2,56504,이영희,진행중
EQ0094,2023-08-13,사후정비,전기 점검,7,386841,김철수,진행중
EQ0094,2023-10-19,개선정비,윤활유 교체,1,277581,최민준,완료
EQ0094,2023-12-06,응급정비,조정 및 수리,6,248812,박준호,완료
EQ0094,2023-12-16,개선정비,윤활유 교체,1,411930,이영희,완료
EQ0094,2024-07-08,개선정비,청소 및 점검,6,212282,박준호,완료
EQ0094,2024-08-04,개선정비,조정 및 수리,7,391688,정수현,진행중
EQ0095,2023-11-02,예방정비,윤활유 교체,2,236293,최민준,완료
EQ0095,2023-12-23,예방정비,윤활유 교체,5,323611,최민준,완료
EQ0096,2023-06-13,예방정비,조정 및 수리,7,336563,박준호,완료
EQ0096,2023-11-24,사후정비,청소 및 점검,1,110356,김철수,완료
EQ0097,2023-05-15,사후정비,부품 교체,7,58157,이영희,완료
EQ0097,2023-09-03,사후정비,청소 및 점검,6,438370,박준호,완료
EQ0097,2023-12-11,개선정비,청소 및 점검,2,275573,정수현,완료
EQ0097,2024-01-24,응급정비,부품 교체,6,288875,정수현,완료
EQ0097,2024-03-27,응급정비,전기 점검,7,398924,정수현,완료
EQ0097,2024-04-27,응급정비,전기 점검,2,424938,박준호,완료
EQ0097,2024-05-22,예방정비,조정 및 수리,6,179417,박준호,완료
EQ0097,2024-05-29,사후정비,윤활유 교체,2,136170,이영희,진행중
EQ0098,2023-08-01,개선정비,청소 및 점검,1,82947,정수현,진행중
EQ0098,2024-03-20,응급정비,전기 점검,3,137687,정수현,완료
EQ0098,2024-06-05,예방정비,전기 점검,3,458331,이영희,완료
EQ0099,2023-01-24,사후정비,윤활유 교체,2,126552,정수현,완료
EQ0099,2023-05-01,개선정비,조정 및 수리,1,496936,김철수,완료
EQ0099,2023-05-08,사후정비,전기 점검,4,91988,정수현,완료
EQ0099,2023-06-01,예방정비,부품 교체,7,229081,이영희,완료
EQ0099,2023-12-11,예방정비,부품 교체,2,85860,김철수,완료
EQ0099,2024-02-24,예방정비,청소 및 점검,1,224159,이영희,완료
EQ0099,2024-06-11,응급정비,전기 점검,2,445935,이영희,완료
EQ0100,2023-04-26,예방정비,조정 및 수리,5,177000,박준호,완료
EQ0100,2023-05-06,예방정비,전기 점검,6,418076,최민준,완료
EQ0100,2023-09-26,응급정비,청소 및 점검,3,332172,김철수,완료
EQ0100,2023-09-27,예방정비,전기 점검,7,199239,최민준,완료
EQ0100,2023-12-24,응급정비,전기 점검,2,455847,박준호,완료
EQ0100,2024-04-12,예방정비,전기 점검,2,374502,이영희,진행중
EQ0101,2023-01-05,예방정비,조정 및 수리,2,166284,김철수,완료
EQ0101,2023-03-04,응급정비,조정 및 수리,6,251484,박준호,완료
EQ0102,2023-03-04,예방정비,청소 및 점검,1,151683,이영희,진행중
EQ0102,2023-04-17,예방정비,윤활유 교체,5,138683,정수현,완료
EQ0103,2023-01-19,개선정비,조정 및 수리,3,227142,이영희,완료
EQ0103,2023-05-09,예방정비,조정 및 수리,4,328795,정수현,완료
EQ0103,2024-01-07,응급정비,조정 및 수리,3,293512,박준호,완료
EQ0103,2024-02-14,예방정비,청소 및 점검,7,180184,정수현,완료
EQ0103,2024-02-23,사후정비,부품 교체,1,382857,정수현,완료
EQ0103,2024-03-05,응급정비,윤활유 교체,4,132969,이영희,완료
EQ0103,2024-08-01,개선정비,조정 및 수리,4,417613,박준호,완료
EQ0104,2023-10-04,예방정비,부품 교체,7,457443,이영희,완료
EQ0104,2023-11-27,사후정비,청소 및 점검,4,233618,이영희,완료
EQ0104,2024-01-14,사후정비,윤활유 교체,5,350885,이영희,완료
EQ0104,2024-04-03,개선정비,부품 교체,1,459806,정수현,완료
EQ0104,2024-06-08,사후정비,전기 점검,2,189223,최민준,완료
EQ0104,2024-07-01,사후정비,전기 점검,5,457626,최민준,완료
EQ0105,2023-07-07,예방정비,부품 교체,2,495634,이영희,완료
EQ0105,2024-08-14,예방정비,전기 점검,2,322766,김철수,진행중
EQ0106,2023-08-13,예방정비,윤활유 교체,5,410186,김철수,완료
EQ0106,2024-03-01,응급정비,윤활유 교체,5,171522,이영희,완료
EQ0107,2023-02-11,응급정비,전기 점검,5,252001,최민준,완료
EQ0107,2024-03-13,응급정비,부품 교체,7,240376,정수현,완료
EQ0108,2023-02-02,개선정비,조정 및 수리,1,57293,김철수,완료
EQ0108,2023-02-26,개선정비,부품 교체,5,130823,이영희,완료
EQ0108,2023-02-28,개선정비,전기 점검,5,200878,정수현,완료
EQ0108,2023-07-30,예방정비,청소 및 점검,5,312190,최민준,완료
EQ0108,2023-11-17,사후정비,윤활유 교체,3,227996,박준호,완료
EQ0108,2023-12-08,응급정비,조정 및 수리,3,104669,박준호,완료
EQ0109,2023-06-21,사후정비,부품 교체,6,389838,정수현,완료
EQ0109,2023-07-15,개선정비,전기 점검,3,231810,이영희,완료
EQ0109,2023-11-24,예방정비,전기 점검,1,359132,이영희,완료
EQ0109,2024-01-10,사후정비,부품 교체,2,69133,이영희,완료
EQ0109,2024-01-17,개선정비,조정 및 수리,7,85495,김철수,완료
EQ0109,2024-08-18,응급정비,윤활유 교체,1,412430,김철수,완료
EQ0110,2023-05-28,예방정비,조정 및 수리,6,165625,김철수,완료
EQ0110,2023-11-15,예방정비,청소 및 점검,1,428035,박준호,완료
EQ0110,2024-01-26,예방정비,전기 점검,5,240927,이영희,완료
EQ0111,2023-04-06,개선정비,부품 교체,4,185141,정수현,완료
EQ0111,2023-09-02,예방정비,부품 교체,6,115881,정수현,완료
EQ0111,2024-06-16,사후정비,청소 및 점검,7,144258,김철수,완료
EQ0111,2024-07-23,개선정비,조정 및 수리,2,499717,박준호,완료
EQ0111,2024-08-21,응급정비,윤활유 교체,3,228250,김철수,완료
EQ0112,2023-08-02,개선정비,부품 교체,7,419948,정수현,완료
EQ0112,2023-09-02,사후정비,윤활유 교체,3,230664,이영희,진행중
EQ0112,2024-02-16,사후정비,부품 교체,4,63269,정수현,진행중
EQ0113,2023-06-21,사후정비,청소 및 점검,3,466556,정수현,완료
EQ0113,2023-07-23,개선정비,전기 점검,4,347448,정수현,완료
EQ0113,2023-09-22,개선정비,조정 및 수리,1,311003,이영희,완료
EQ0114,2023-06-07,사후정비,부품 교체,7,468011,박준호,완료
EQ0114,2023-11-26,사후정비,전기 점검,1,487810,박준호,진행중
EQ0114,2024-07-15,예방정비,청소 및 점검,3,146396,김철수,완료
EQ0115,2023-01-05,사후정비,조정 및 수리,6,338729,박준호,완료
EQ0115,2024-05-07,개선정비,조정 및 수리,7,369319,최민준,완료
EQ0116,2023-01-30,개선정비,청소 및 점검,7,305920,정수현,진행중
EQ0116,2023-09-01,예방정비,조정 및 수리,7,88635,정수현,완료
EQ0116,2023-10-19,사후정비,전기 점검,3,272064,정수현,진행중
EQ0116,2024-01-02,사후정비,청소 및 점검,6,481224,박준호,완료
EQ0116,2024-03-20,사후정비,조정 및 수리,4,419445,정수현,진행중
EQ0116,2024-08-04,응급정비,조정 및 수리,4,330570,정수현,완료
EQ0117,2023-01-31,예방정비,전기 점검,4,134028,박준호,완료
EQ0117,2023-10-27,예방정비,전기 점검,7,299824,이영희,완료
EQ0117,2023-11-02,예방정비,부품 교체,7,242375,김철수,진행중
EQ0117,2023-11-27,사후정비,조정 및 수리,6,282756,이영희,완료
EQ0117,2023-12-01,개선정비,부품 교체,7,410938,정수현,완료
EQ0118,2023-01-26,예방정비,조정 및 수리,2,153556,김철수,완료
EQ0118,2023-08-10,예방정비,부품 교체,1,118923,박준호,진행중
EQ0118,2023-09-18,개선정비,청소 및 점검,7,266739,정수현,완료
EQ0118,2024-07-23,사후정비,조정 및 수리,1,157041,최민준,완료
EQ0119,2023-02-18,개선정비,부품 교체,5,412340,김철수,완료
EQ0119,2023-05-14,응급정비,부품 교체,5,149364,최민준,완료
EQ0119,2023-05-19,사후정비,부품 교체,1,307287,최민준,완료
EQ0119,2023-06-24,예방정비,전기 점검,6,263214,정수현,완료
EQ0119,2023-09-05,개선정비,조정 및 수리,4,465890,정수현,완료
EQ0119,2023-11-01,개선정비,전기 점검,2,329759,정수현,완료
EQ0119,2023-11-14,예방정비,윤활유 교체,2,208938,최민준,완료
EQ0119,2023-11-23,사후정비,부품 교체,7,264156,이영희,완료
EQ0120,2023-09-03,예방정비,부품 교체,3,323387,정수현,완료
EQ0120,2023-11-19,예방정비,부품 교체,3,88593,박준호,완료
EQ0120,2023-12-13,예방정비,조정 및 수리,1,292791,박준호,완료
EQ0120,2024-01-15,개선정비,윤활유 교체,5,298739,이영희,완료
EQ0121,2023-03-17,개선정비,조정 및 수리,4,433288,박준호,진행중
EQ0121,2023-06-09,사후정비,윤활유 교체,6,320436,이영희,완료
EQ0121,2023-08-30,응급정비,부품 교체,5,387645,이영희,완료
EQ0121,2023-11-10,예방정비,부품 교체,7,302673,정수현,진행중
EQ0121,2023-12-09,사후정비,부품 교체,7,217534,김철수,완료
EQ0121,2024-02-03,예방정비,윤활유 교체,4,242803,김철수,완료
EQ0121,2024-02-20,예방정비,부품 교체,5,413845,박준호,완료
EQ0121,2024-04-21,사후정비,부품 교체,4,274491,정수현,완료
EQ0122,2023-04-16,예방정비,부품 교체,6,342383,이영희,완료
EQ0122,2023-07-10,사후정비,청소 및 점검,5,287134,최민준,완료
EQ0122,2023-09-12,개선정비,부품 교체,4,272156,이영희,완료
EQ0122,2023-09-30,사후정비,윤활유 교체,1,372411,이영희,완료
EQ0122,2023-11-15,예방정비,청소 및 점검,1,317387,최민준,진행중
EQ0122,2024-06-30,개선정비,조정 및 수리,5,115702,최민준,예정
EQ0122,2024-07-05,응급정비,전기 점검,7,305369,정수현,완료
EQ0122,2024-08-01,개선정비,부품 교체,3,108133,최민준,완료
EQ0123,2023-03-24,사후정비,청소 및 점검,1,81403,최민준,완료
EQ0123,2023-05-29,사후정비,윤활유 교체,4,401733,최민준,완료
EQ0123,2023-08-04,사후정비,전기 점검,3,219623,이영희,진행중
EQ0123,2023-08-20,응급정비,조정 및 수리,6,371200,정수현,진행중
EQ0123,2023-09-28,예방정비,조정 및 수리,2,197227,박준호,완료
EQ0124,2023-02-01,개선정비,조정 및 수리,2,394472,최민준,완료
EQ0124,2023-06-06,예방정비,부품 교체,3,444417,최민준,완료
EQ0124,2023-06-14,예방정비,부품 교체,5,216375,정수현,완료
EQ0124,2023-06-28,개선정비,전기 점검,1,136951,정수현,완료
EQ0124,2023-11-07,사후정비,청소 및 점검,3,316456,최민준,완료
EQ0124,2023-11-08,응급정비,청소 및 점검,1,380768,김철수,완료
EQ0124,2024-03-31,개선정비,청소 및 점검,5,178391,최민준,완료
EQ0124,2024-08-10,개선정비,전기 점검,4,368102,박준호,완료
EQ0125,2023-03-02,예방정비,부품 교체,7,345169,정수현,완료
EQ0125,2023-03-20,개선정비,부품 교체,6,443583,이영희,완료
EQ0125,2023-03-29,사후정비,부품 교체,3,329088,정수현,완료
EQ0125,2023-04-29,예방정비,전기 점검,4,399001,박준호,완료
EQ0125,2023-05-28,사후정비,윤활유 교체,5,263184,박준호,완료
EQ0125,2023-06-28,응급정비,청소 및 점검,2,278745,정수현,완료
EQ0125,2023-07-20,응급정비,윤활유 교체,3,196083,최민준,완료
EQ0125,2024-06-11,응급정비,전기 점검,6,152613,정수현,완료
EQ0126,2023-10-27,개선정비,윤활유 교체,5,289273,김철수,완료
EQ0126,2023-11-07,사후정비,청소 및 점검,2,319793,박준호,완료
EQ0126,2024-03-15,개선정비,부품 교체,7,407173,이영희,완료
EQ0126,2024-06-08,예방정비,부품 교체,3,207788,이영희,완료
EQ0126,2024-08-06,사후정비,윤활유 교체,5,247449,정수현,완료
EQ0127,2023-03-26,사후정비,전기 점검,2,447595,최민준,완료
EQ0127,2023-04-07,개선정비,윤활유 교체,1,459856,최민준,완료
EQ0127,2023-05-14,사후정비,청소 및 점검,4,223548,정수현,완료
EQ0127,2024-08-04,응급정비,조정 및 수리,4,336382,정수현,완료
EQ0128,2023-06-08,개선정비,조정 및 수리,7,159756,정수현,완료
EQ0128,2023-10-07,응급정비,윤활유 교체,4,123400,이영희,진행중
EQ0128,2023-11-02,응급정비,전기 점검,7,377266,이영희,완료
EQ0128,2024-05-20,사후정비,조정 및 수리,2,201957,정수현,완료
EQ0128,2024-06-06,사후정비,청소 및 점검,6,350020,박준호,완료
EQ0128,2024-07-18,예방정비,청소 및 점검,1,184528,최민준,완료
EQ0128,2024-08-05,사후정비,부품 교체,4,243378,이영희,완료
EQ0129,2023-12-31,예방정비,조정 및 수리,2,200164,최민준,완료
EQ0129,2024-05-19,개선정비,부품 교체,5,127263,이영희,완료
EQ0129,2024-06-11,사후정비,부품 교체,3,259816,정수현,완료
EQ0130,2023-09-19,개선정비,조정 및 수리,6,385156,최민준,완료
EQ0130,2023-11-21,사후정비,조정 및 수리,2,375156,정수현,완료
EQ0131,2023-06-22,사후정비,부품 교체,1,274094,김철수,완료
EQ0131,2023-08-15,개선정비,윤활유 교체,5,163872,정수현,완료
EQ0131,2023-09-26,예방정비,윤활유 교체,3,394200,최민준,완료
EQ0131,2023-12-01,사후정비,부품 교체,6,184802,정수현,완료
EQ0131,2023-12-14,예방정비,조정 및 수리,6,210747,이영희,완료
EQ0131,2024-02-01,예방정비,전기 점검,2,383024,김철수,완료
EQ0131,2024-03-06,사후정비,조정 및 수리,6,68658,최민준,완료
EQ0131,2024-07-25,예방정비,부품 교체,5,191295,이영희,완료
EQ0132,2023-06-18,예방정비,조정 및 수리,5,254404,최민준,완료
EQ0132,2023-08-06,응급정비,청소 및 점검,1,344768,김철수,완료
EQ0132,2023-08-06,응급정비,윤활유 교체,1,246532,박준호,완료
EQ0132,2023-10-27,사후정비,전기 점검,5,254228,정수현,진행중
EQ0132,2024-06-02,예방정비,부품 교체,5,449678,김철수,완료
EQ0133,2023-03-06,사후정비,윤활유 교체,2,438775,이영희,완료
EQ0133,2024-03-18,예방정비,윤활유 교체,5,147580,이영희,완료
EQ0133,2024-06-05,응급정비,부품 교체,7,255163,최민준,완료
EQ0134,2023-07-29,개선정비,전기 점검,6,124625,박준호,완료
EQ0134,2023-08-08,예방정비,조정 및 수리,3,439943,김철수,완료
EQ0134,2023-09-05,사후정비,조정 및 수리,1,88398,정수현,완료
EQ0134,2023-10-30,사후정비,조정 및 수리,4,170451,박준호,완료
EQ0134,2024-01-08,응급정비,청소 및 점검,3,361302,김철수,완료
EQ0134,2024-05-07,사후정비,부품 교체,3,99874,이영희,완료
EQ0134,2024-05-28,사후정비,조정 및 수리,2,408780,최민준,완료
EQ0134,2024-07-14,응급정비,부품 교체,4,224941,박준호,완료
EQ0135,2023-02-24,응급정비,부품 교체,7,308744,정수현,완료
EQ0135,2023-05-11,예방정비,조정 및 수리,2,101697,정수현,완료
EQ0135,2023-05-31,응급정비,청소 및 점검,1,210412,박준호,완료
EQ0135,2023-07-30,사후정비,조정 및 수리,7,102763,정수현,완료
EQ0135,2023-10-14,예방정비,전기 점검,4,239448,최민준,완료
EQ0135,2023-12-20,개선정비,부품 교체,4,383107,최민준,완료
EQ0136,2023-03-16,사후정비,윤활유 교체,7,192953,최민준,완료
EQ0136,2023-07-31,개선정비,윤활유 교체,5,163100,김철수,완료
EQ0136,2023-09-03,예방정비,청소 및 점검,2,181356,최민준,완료
EQ0136,2023-10-27,예방정비,전기 점검,4,456896,이영희,진행중
EQ0136,2023-11-08,사후정비,전기 점검,2,444710,최민준,완료
EQ0136,2024-03-11,사후정비,조정 및 수리,5,114370,이영희,완료
EQ0137,2023-02-16,개선정비,부품 교체,2,282198,정수현,완료
EQ0137,2023-11-16,응급정비,조정 및 수리,4,344179,정수현,완료
EQ0137,2024-03-14,사후정비,부품 교체,5,197964,박준호,완료
EQ0137,2024-05-05,개선정비,전기 점검,2,55282,최민준,완료
EQ0137,2024-08-19,사후정비,부품 교체,7,73968,김철수,완료
EQ0138,2024-07-02,예방정비,청소 및 점검,1,149199,이영희,완료
EQ0138,2024-07-08,사후정비,윤활유 교체,5,257080,박준호,완료
EQ0139,2023-04-16,예방정비,조정 및 수리,2,496674,이영희,완료
EQ0139,2024-07-18,개선정비,부품 교체,2,417925,박준호,완료
EQ0140,2023-09-30,사후정비,전기 점검,6,266306,이영희,완료
EQ0140,2024-02-28,응급정비,청소 및 점검,6,371238,이영희,완료
EQ0141,2023-01-09,사후정비,부품 교체,5,220167,이영희,완료
EQ0141,2023-01-26,응급정비,청소 및 점검,4,357744,이영희,완료
EQ0141,2023-04-24,응급정비,부품 교체,3,124772,김철수,완료
EQ0141,2023-10-16,개선정비,청소 및 점검,2,236254,최민준,완료
EQ0141,2023-10-16,응급정비,전기 점검,4,376523,최민준,진행중
EQ0141,2023-11-20,개선정비,부품 교체,7,50792,최민준,완료
EQ0141,2024-04-28,예방정비,전기 점검,5,60370,김철수,완료
EQ0142,2024-03-12,예방정비,부품 교체,4,241393,김철수,완료
EQ0142,2024-06-16,예방정비,전기 점검,2,71433,정수현,완료
EQ0143,2023-01-11,개선정비,부품 교체,6,443675,정수현,완료
EQ0143,2023-02-20,사후정비,조정 및 수리,7,203960,박준호,완료
EQ0143,2023-08-29,응급정비,조정 및 수리,7,215518,김철수,완료
EQ0143,2023-11-23,예방정비,청소 및 점검,4,407648,박준호,완료
EQ0143,2024-08-01,응급정비,전기 점검,2,78831,이영희,완료
EQ0144,2023-02-08,개선정비,청소 및 점검,5,294035,박준호,완료
EQ0144,2023-03-22,예방정비,부품 교체,2,70931,박준호,완료
EQ0144,2024-04-11,개선정비,조정 및 수리,3,236252,이영희,진행중
EQ0144,2024-07-09,예방정비,부품 교체,1,485938,김철수,완료
EQ0144,2024-08-12,사후정비,윤활유 교체,6,492419,박준호,완료
EQ0145,2023-04-02,응급정비,청소 및 점검,3,292330,김철수,완료
EQ0145,2023-04-14,응급정비,청소 및 점검,4,255936,이영희,완료
EQ0145,2023-07-18,개선정비,조정 및 수리,1,222992,최민준,완료
EQ0145,2023-07-28,예방정비,윤활유 교체,4,97594,박준호,완료
EQ0145,2023-08-06,예방정비,윤활유 교체,5,189258,정수현,완료
EQ0145,2023-12-14,예방정비,전기 점검,6,357382,최민준,완료
EQ0145,2023-12-30,예방정비,조정 및 수리,6,223184,박준호,완료
EQ0146,2023-01-19,개선정비,부품 교체,2,232069,박준호,예정
EQ0146,2023-03-11,예방정비,청소 및 점검,4,273544,박준호,완료
EQ0146,2023-11-03,응급정비,전기 점검,4,180180,김철수,완료
EQ0146,2024-06-29,예방정비,청소 및 점검,3,335701,정수현,완료
EQ0147,2023-03-31,응급정비,부품 교체,2,206555,김철수,예정
EQ0147,2023-06-19,개선정비,윤활유 교체,3,374051,정수현,진행중
EQ0147,2024-07-21,응급정비,부품 교체,1,393833,김철수,진행중
EQ0148,2023-03-15,사후정비,윤활유 교체,2,69558,최민준,완료
EQ0148,2023-03-21,예방정비,윤활유 교체,4,97954,최민준,완료
EQ0148,2023-09-26,개선정비,윤활유 교체,2,439892,김철수,완료
EQ0148,2023-12-05,예방정비,윤활유 교체,2,382737,김철수,완료
EQ0148,2024-03-24,사후정비,윤활유 교체,7,333779,최민준,완료
EQ0148,2024-05-20,응급정비,윤활유 교체,3,397682,박준호,진행중
EQ0149,2023-07-21,예방정비,청소 및 점검,1,151975,박준호,진행중
EQ0149,2023-08-20,개선정비,윤활유 교체,5,415964,정수현,완료
EQ0149,2023-11-29,응급정비,청소 및 점검,6,143232,박준호,완료
EQ0149,2024-02-16,개선정비,전기 점검,2,376086,박준호,완료
EQ0149,2024-05-03,개선정비,청소 및 점검,7,153482,이영희,완료
EQ0149,2024-07-27,사후정비,부품 교체,2,336441,박준호,완료
EQ0150,2023-06-05,사후정비,청소 및 점검,2,372994,이영희,완료
EQ0150,2023-07-09,사후정비,조정 및 수리,4,291538,김철수,완료
EQ0150,2023-11-08,응급정비,전기 점검,2,274040,박준호,완료
EQ0151,2023-07-25,개선정비,윤활유 교체,4,311882,최민준,완료
EQ0151,2023-10-31,개선정비,청소 및 점검,1,221508,최민준,완료
EQ0151,2024-02-03,예방정비,조정 및 수리,7,92541,정수현,완료
EQ0151,2024-02-10,개선정비,윤활유 교체,4,345549,박준호,진행중
EQ0151,2024-06-08,개선정비,조정 및 수리,3,281746,정수현,완료
EQ0151,2024-07-31,응급정비,전기 점검,6,53264,최민준,완료
EQ0152,2023-07-15,예방정비,조정 및 수리,7,91617,김철수,완료
EQ0152,2023-08-17,응급정비,청소 및 점검,6,491934,최민준,완료
EQ0153,2023-03-27,응급정비,청소 및 점검,6,143605,이영희,완료
EQ0153,2023-05-05,개선정비,윤활유 교체,4,158894,김철수,완료
EQ0153,2023-08-16,응급정비,윤활유 교체,1,470303,최민준,예정
EQ0153,2024-02-28,응급정비,부품 교체,5,240660,이영희,완료
EQ0153,2024-05-11,예방정비,부품 교체,2,164200,김철수,완료
EQ0154,2023-02-07,개선정비,청소 및 점검,4,265059,박준호,완료
EQ0154,2023-04-21,개선정비,청소 및 점검,7,56577,김철수,진행중
EQ0154,2023-06-26,개선정비,전기 점검,2,289246,최민준,완료
EQ0155,2023-08-03,사후정비,부품 교체,3,158987,정수현,완료
EQ0155,2023-09-08,예방정비,부품 교체,3,186763,이영희,완료
EQ0155,2023-12-02,사후정비,청소 및 점검,1,234681,김철수,완료
EQ0155,2024-07-01,예방정비,부품 교체,4,471845,박준호,완료
EQ0155,2024-08-07,사후정비,윤활유 교체,4,165799,김철수,완료
EQ0156,2023-07-19,예방정비,조정 및 수리,2,257884,김철수,예정
EQ0156,2023-12-23,응급정비,윤활유 교체,6,488018,최민준,완료
EQ0156,2024-03-12,응급정비,윤활유 교체,3,113976,박준호,진행중
EQ0156,2024-07-03,응급정비,청소 및 점검,1,486152,이영희,진행중
EQ0157,2023-01-04,개선정비,청소 및 점검,5,390311,이영희,완료
EQ0157,2023-03-04,응급정비,부품 교체,7,429442,정수현,완료
EQ0157,2023-05-17,사후정비,전기 점검,3,124539,정수현,완료
EQ0157,2023-11-10,예방정비,부품 교체,6,301477,최민준,완료
EQ0157,2023-12-23,개선정비,청소 및 점검,7,437737,정수현,완료
EQ0157,2024-02-13,응급정비,부품 교체,6,394676,박준호,완료
EQ0157,2024-05-08,개선정비,조정 및 수리,3,353328,박준호,완료
EQ0158,2023-09-24,예방정비,윤활유 교체,3,76403,정수현,완료
EQ0158,2023-12-14,예방정비,전기 점검,5,375738,김철수,완료
EQ0159,2023-07-04,사후정비,부품 교체,2,153638,정수현,완료
EQ0159,2023-08-13,개선정비,윤활유 교체,4,302028,최민준,완료
EQ0159,2023-08-27,응급정비,청소 및 점검,1,255103,정수현,완료
EQ0159,2023-09-29,사후정비,부품 교체,3,200431,박준호,완료
EQ0159,2024-02-04,사후정비,부품 교체,2,384794,정수현,완료
EQ0159,2024-06-20,예방정비,청소 및 점검,1,419438,최민준,진행중
EQ0160,2023-01-13,예방정비,전기 점검,4,484409,정수현,완료
EQ0160,2023-05-28,응급정비,조정 및 수리,5,494391,정수현,완료
EQ0160,2024-01-18,개선정비,부품 교체,2,263525,김철수,진행중
EQ0160,2024-01-30,예방정비,조정 및 수리,5,152377,이영희,완료
EQ0160,2024-07-23,개선정비,전기 점검,6,282389,정수현,완료
EQ0160,2024-08-14,사후정비,조정 및 수리,4,399302,최민준,완료
EQ0161,2023-04-26,응급정비,청소 및 점검,2,95078,박준호,완료
EQ0161,2023-07-11,예방정비,조정 및 수리,5,448382,박준호,진행중
EQ0161,2023-08-29,예방정비,청소 및 점검,1,104018,정수현,완료
EQ0161,2024-05-13,개선정비,전기 점검,3,296244,김철수,완료
EQ0161,2024-07-04,개선정비,조정 및 수리,2,264730,정수현,완료
EQ0161,2024-07-10,개선정비,청소 및 점검,7,379220,박준호,진행중
EQ0162,2023-09-20,개선정비,부품 교체,5,340779,최민준,진행중
EQ0162,2023-11-05,응급정비,청소 및 점검,1,295701,박준호,완료
EQ0163,2023-01-08,예방정비,전기 점검,7,144805,최민준,완료
EQ0163,2023-03-27,개선정비,조정 및 수리,2,129098,정수현,완료
EQ0163,2023-06-28,사후정비,조정 및 수리,7,242233,이영희,완료
EQ0163,2024-01-29,개선정비,조정 및 수리,2,477034,박준호,완료
EQ0163,2024-03-18,응급정비,전기 점검,4,60352,이영희,완료
EQ0163,2024-04-06,사후정비,전기 점검,7,71796,정수현,완료
EQ0163,2024-06-21,사후정비,윤활유 교체,6,82952,박준호,완료
EQ0164,2023-06-12,응급정비,부품 교체,7,140690,김철수,완료
EQ0164,2024-04-09,개선정비,부품 교체,5,382990,정수현,완료
EQ0164,2024-05-03,응급정비,조정 및 수리,4,237265,최민준,완료
EQ0164,2024-07-15,예방정비,조정 및 수리,4,131156,박준호,완료
EQ0165,2023-10-24,개선정비,부품 교체,4,357820,정수현,완료
EQ0165,2024-04-13,예방정비,윤활유 교체,3,327133,최민준,완료
EQ0166,2023-02-04,예방정비,윤활유 교체,3,482867,박준호,완료
EQ0166,2023-04-21,응급정비,윤활유 교체,3,251578,정수현,완료
EQ0166,2023-08-07,사후정비,조정 및 수리,7,93266,박준호,완료
EQ0166,2023-10-12,개선정비,조정 및 수리,3,447330,박준호,완료
EQ0166,2023-12-17,예방정비,전기 점검,7,346199,정수현,완료
EQ0167,2023-03-23,사후정비,청소 및 점검,7,173438,이영희,완료
EQ0167,2023-03-28,개선정비,부품 교체,1,272167,김철수,완료
EQ0167,2023-04-01,응급정비,부품 교체,7,240141,이영희,완료
EQ0167,2023-11-03,응급정비,부품 교체,5,57787,정수현,완료
EQ0167,2024-02-21,예방정비,조정 및 수리,4,340274,정수현,완료
EQ0167,2024-04-07,개선정비,전기 점검,4,343218,정수현,완료
EQ0167,2024-05-12,개선정비,조정 및 수리,7,193947,최민준,완료
EQ0167,2024-08-16,개선정비,전기 점검,7,250505,김철수,완료
EQ0168,2023-06-24,응급정비,윤활유 교체,6,130212,김철수,완료
EQ0168,2023-07-28,사후정비,부품 교체,1,180753,박준호,완료
EQ0168,2023-12-17,예방정비,윤활유 교체,4,207179,김철수,완료
EQ0168,2024-04-27,응급정비,부품 교체,1,381213,정수현,완료
EQ0168,2024-05-30,응급정비,윤활유 교체,5,446885,정수현,완료
EQ0168,2024-06-26,개선정비,청소 및 점검,4,452164,최민준,완료
EQ0169,2023-04-18,사후정비,청소 및 점검,6,67804,김철수,완료
EQ0169,2024-07-05,개선정비,윤활유 교체,2,452100,이영희,완료
EQ0170,2023-11-18,예방정비,전기 점검,4,258262,정수현,완료
EQ0170,2024-04-10,예방정비,부품 교체,7,464173,정수현,완료
EQ0171,2023-12-02,예방정비,부품 교체,6,406539,정수현,완료
EQ0171,2024-05-08,개선정비,청소 및 점검,5,203115,김철수,완료
EQ0172,2023-02-26,사후정비,청소 및 점검,2,213903,최민준,완료
EQ0172,2023-03-15,예방정비,청소 및 점검,3,319703,최민준,예정
EQ0172,2023-03-27,예방정비,청소 및 점검,6,426437,김철수,완료
EQ0172,2023-07-14,사후정비,조정 및 수리,5,314396,최민준,완료
EQ0172,2023-08-17,개선정비,청소 및 점검,5,75044,최민준,완료
EQ0172,2023-08-20,사후정비,청소 및 점검,6,224036,이영희,완료
EQ0172,2023-12-18,개선정비,조정 및 수리,5,443308,최민준,완료
EQ0172,2024-02-04,응급정비,전기 점검,2,345001,이영희,완료
EQ0173,2023-01-21,예방정비,청소 및 점검,4,106010,최민준,완료
EQ0173,2023-02-01,예방정비,부품 교체,4,483987,김철수,완료
EQ0173,2023-02-02,개선정비,조정 및 수리,6,305813,김철수,완료
EQ0173,2023-12-04,응급정비,윤활유 교체,4,228953,최민준,완료
EQ0173,2024-05-23,응급정비,윤활유 교체,7,412246,박준호,완료
EQ0173,2024-08-16,응급정비,전기 점검,6,383591,박준호,완료
EQ0173,2024-08-17,예방정비,부품 교체,1,77057,김철수,진행중
EQ0174,2023-06-05,예방정비,조정 및 수리,4,68440,정수현,완료
EQ0174,2024-05-15,예방정비,조정 및 수리,2,203241,박준호,완료
EQ0175,2024-01-22,개선정비,윤활유 교체,3,497525,김철수,완료
EQ0175,2024-03-26,응급정비,청소 및 점검,2,213713,이영희,완료
EQ0176,2023-04-23,예방정비,부품 교체,1,313186,박준호,완료
EQ0176,2023-07-21,응급정비,윤활유 교체,5,65151,최민준,완료
EQ0176,2023-08-31,예방정비,부품 교체,5,240291,정수현,완료
EQ0176,2024-07-03,개선정비,전기 점검,5,262902,박준호,완료
EQ0177,2024-01-09,개선정비,조정 및 수리,1,353370,정수현,예정
EQ0177,2024-05-04,개선정비,윤활유 교체,1,71735,최민준,완료
EQ0177,2024-05-20,응급정비,전기 점검,4,375768,박준호,완료
EQ0178,2023-03-08,응급정비,부품 교체,1,75765,이영희,완료
EQ0178,2023-03-18,사후정비,부품 교체,2,143638,정수현,완료
EQ0178,2023-08-09,예방정비,부품 교체,3,428803,김철수,완료
EQ0178,2023-10-05,개선정비,청소 및 점검,3,219031,최민준,완료
EQ0178,2023-10-20,사후정비,조정 및 수리,3,224536,최민준,완료
EQ0178,2024-01-23,개선정비,전기 점검,5,282474,박준호,완료
EQ0178,2024-03-13,개선정비,부품 교체,2,401752,정수현,예정
EQ0179,2023-01-23,개선정비,부품 교체,2,71299,이영희,완료
EQ0179,2023-05-02,응급정비,조정 및 수리,1,456676,정수현,완료
EQ0179,2023-05-07,사후정비,전기 점검,1,102879,이영희,완료
EQ0179,2024-01-18,예방정비,윤활유 교체,2,84985,박준호,완료
EQ0179,2024-04-10,예방정비,전기 점검,3,135765,정수현,완료
EQ0179,2024-05-18,예방정비,부품 교체,3,270708,박준호,완료
EQ0179,2024-06-06,개선정비,전기 점검,5,495272,이영희,진행중
EQ0180,2023-04-05,예방정비,전기 점검,5,113784,정수현,예정
EQ0180,2023-08-15,개선정비,윤활유 교체,2,313873,최민준,완료
EQ0181,2023-02-18,응급정비,부품 교체,4,277448,김철수,완료
EQ0181,2023-08-30,개선정비,부품 교체,3,254056,김철수,완료
EQ0181,2024-01-17,응급정비,부품 교체,1,417088,최민준,예정
EQ0181,2024-06-09,사후정비,부품 교체,3,304047,박준호,진행중
EQ0182,2023-02-20,예방정비,부품 교체,2,151467,최민준,완료
EQ0182,2023-03-17,사후정비,부품 교체,3,276238,박준호,완료
EQ0182,2023-09-07,사후정비,조정 및 수리,5,220927,정수현,완료
EQ0182,2023-11-01,사후정비,청소 및 점검,2,142103,이영희,예정
EQ0182,2024-05-04,예방정비,전기 점검,2,428854,이영희,완료
EQ0182,2024-06-22,예방정비,윤활유 교체,3,326201,박준호,예정
EQ0182,2024-07-24,예방정비,부품 교체,7,59347,정수현,완료
EQ0182,2024-08-13,개선정비,부품 교체,4,474538,김철수,완료
EQ0183,2023-05-06,예방정비,전기 점검,6,479234,최민준,완료
EQ0183,2023-10-14,응급정비,부품 교체,2,136467,이영희,완료
EQ0183,2023-11-20,개선정비,윤활유 교체,7,437857,김철수,완료
EQ0183,2023-12-13,응급정비,청소 및 점검,2,173690,최민준,완료
EQ0183,2024-02-22,응급정비,부품 교체,2,460244,정수현,완료
EQ0183,2024-03-18,응급정비,조정 및 수리,4,127969,이영희,완료
EQ0183,2024-05-14,응급정비,윤활유 교체,7,350524,이영희,완료
EQ0184,2023-02-08,예방정비,부품 교체,5,99565,이영희,완료
EQ0184,2023-04-05,응급정비,전기 점검,5,450193,이영희,완료
EQ0185,2023-01-22,예방정비,부품 교체,6,219631,박준호,완료
EQ0185,2024-08-17,개선정비,전기 점검,1,140687,최민준,완료
EQ0186,2023-02-07,예방정비,전기 점검,6,255914,이영희,완료
EQ0186,2023-02-11,예방정비,윤활유 교체,1,52048,정수현,완료
EQ0186,2023-05-05,응급정비,윤활유 교체,2,462915,정수현,완료
EQ0186,2024-07-19,예방정비,조정 및 수리,7,138478,정수현,완료
EQ0187,2023-11-08,응급정비,전기 점검,4,424433,김철수,완료
EQ0187,2024-05-30,사후정비,조정 및 수리,4,324296,이영희,완료
EQ0188,2023-04-04,사후정비,전기 점검,5,193531,이영희,완료
EQ0188,2023-09-17,개선정비,부품 교체,6,450176,최민준,완료
EQ0188,2023-11-17,사후정비,청소 및 점검,7,315945,이영희,완료
EQ0188,2024-03-05,응급정비,윤활유 교체,2,332155,최민준,완료
EQ0189,2024-02-03,사후정비,부품 교체,5,54655,박준호,완료
EQ0189,2024-02-26,예방정비,전기 점검,5,361175,이영희,진행중
EQ0189,2024-06-14,예방정비,부품 교체,3,224683,정수현,완료
EQ0190,2023-06-04,사후정비,청소 및 점검,4,61319,박준호,완료
EQ0190,2023-09-14,사후정비,청소 및 점검,1,64472,정수현,완료
EQ0190,2023-11-11,사후정비,전기 점검,3,278056,최민준,진행중
EQ0190,2024-08-08,응급정비,전기 점검,5,295382,최민준,완료
EQ0191,2023-01-30,예방정비,부품 교체,5,202552,박준호,완료
EQ0191,2023-02-05,개선정비,부품 교체,2,346977,김철수,완료
EQ0191,2023-09-14,응급정비,부품 교체,7,200859,이영희,완료
EQ0191,2023-09-30,사후정비,전기 점검,6,404342,김철수,완료
EQ0191,2023-11-11,사후정비,전기 점검,7,462402,정수현,완료
EQ0192,2023-02-09,사후정비,윤활유 교체,7,313965,김철수,완료
EQ0192,2023-06-01,개선정비,부품 교체,1,118633,박준호,완료
EQ0192,2023-08-04,사후정비,부품 교체,3,129176,박준호,완료
EQ0192,2023-09-16,개선정비,부품 교체,7,233551,이영희,완료
EQ0193,2023-04-30,개선정비,청소 및 점검,3,276401,박준호,진행중
EQ0193,2023-05-03,예방정비,청소 및 점검,3,460027,최민준,진행중
EQ0194,2023-01-26,사후정비,전기 점검,6,288825,이영희,완료
EQ0194,2023-02-18,응급정비,조정 및 수리,3,398847,최민준,완료
EQ0194,2023-05-01,개선정비,윤활유 교체,1,78147,정수현,완료
EQ0194,2023-08-23,응급정비,부품 교체,4,484688,정수현,완료
EQ0194,2024-06-29,사후정비,윤활유 교체,1,186973,이영희,완료
EQ0194,2024-08-16,응급정비,조정 및 수리,1,322498,최민준,완료
EQ0195,2023-02-12,사후정비,청소 및 점검,7,247953,이영희,완료
EQ0195,2023-04-30,사후정비,청소 및 점검,4,309797,이영희,예정
EQ0195,2023-12-03,응급정비,윤활유 교체,6,145822,정수현,진행중
EQ0195,2024-04-17,개선정비,조정 및 수리,5,235026,김철수,진행중
EQ0195,2024-05-13,사후정비,전기 점검,5,378457,정수현,완료
EQ0195,2024-08-12,응급정비,윤활유 교체,1,252267,김철수,완료
EQ0196,2023-02-28,응급정비,조정 및 수리,1,448653,최민준,완료
EQ0196,2023-10-06,사후정비,윤활유 교체,6,449131,최민준,완료
EQ0196,2024-01-30,응급정비,윤활유 교체,4,177185,정수현,완료
EQ0196,2024-02-16,예방정비,청소 및 점검,3,312141,이영희,완료
EQ0196,2024-02-20,응급정비,조정 및 수리,4,245335,박준호,완료
EQ0196,2024-03-08,개선정비,윤활유 교체,7,156616,정수현,완료
EQ0196,2024-03-12,사후정비,전기 점검,7,493741,이영희,완료
EQ0196,2024-07-29,개선정비,조정 및 수리,6,50059,이영희,완료
EQ0197,2023-02-06,개선정비,부품 교체,2,165431,박준호,완료
EQ0197,2023-08-04,개선정비,전기 점검,6,349100,이영희,완료
EQ0197,2023-10-16,사후정비,부품 교체,2,155589,정수현,예정
EQ0197,2023-12-01,개선정비,부품 교체,4,331522,김철수,완료
EQ0197,2023-12-11,사후정비,조정 및 수리,4,101746,최민준,완료
EQ0197,2024-08-08,응급정비,조정 및 수리,3,117537,정수현,완료
EQ0198,2023-04-04,응급정비,전기 점검,4,88457,정수현,완료
EQ0198,2023-08-09,예방정비,윤활유 교체,3,444780,최민준,진행중
EQ0198,2023-10-02,응급정비,전기 점검,2,85902,최민준,완료
EQ0199,2023-02-13,예방정비,부품 교체,2,111402,박준호,완료
EQ0199,2023-02-28,사후정비,윤활유 교체,3,494124,이영희,완료
EQ0199,2023-05-31,개선정비,조정 및 수리,7,290116,최민준,완료
EQ0199,2023-08-07,응급정비,청소 및 점검,5,314805,정수현,완료
EQ0199,2023-08-21,응급정비,전기 점검,3,416068,김철수,완료
EQ0199,2023-09-08,사후정비,청소 및 점검,6,429075,박준호,완료
EQ0199,2024-01-12,응급정비,청소 및 점검,4,425775,박준호,완료
EQ0199,2024-07-25,개선정비,윤활유 교체,5,394650,박준호,완료
EQ0200,2023-07-16,사후정비,부품 교체,3,84064,박준호,완료
EQ0200,2024-03-22,개선정비,부품 교체,3,460360,이영희,완료
EQ0200,2024-04-05,사후정비,전기 점검,2,305023,김철수,완료
EQ0200,2024-06-10,응급정비,윤활유 교체,6,317405,정수현,완료
EQ0201,2023-02-09,예방정비,부품 교체,7,446957,이영희,완료
EQ0201,2024-03-20,사후정비,전기 점검,6,77033,이영희,완료
EQ0202,2023-11-24,응급정비,부품 교체,7,108456,김철수,완료
EQ0202,2023-12-12,응급정비,윤활유 교체,5,264031,박준호,완료
EQ0202,2024-01-25,사후정비,청소 및 점검,5,473658,이영희,완료
EQ0202,2024-06-09,예방정비,청소 및 점검,5,265116,정수현,완료
EQ0202,2024-07-23,사후정비,청소 및 점검,7,329846,이영희,완료
EQ0203,2023-09-30,응급정비,청소 및 점검,6,416272,이영희,완료
EQ0203,2023-10-18,사후정비,전기 점검,7,220097,이영희,완료
EQ0203,2023-11-13,응급정비,조정 및 수리,7,318584,이영희,완료
EQ0203,2024-02-12,개선정비,조정 및 수리,7,349837,정수현,완료
EQ0203,2024-03-15,개선정비,청소 및 점검,7,194844,김철수,완료
EQ0203,2024-03-18,예방정비,전기 점검,5,376529,이영희,예정
EQ0203,2024-05-29,사후정비,청소 및 점검,4,172655,김철수,완료
EQ0204,2023-05-15,개선정비,조정 및 수리,7,128593,최민준,완료
EQ0204,2023-09-01,개선정비,청소 및 점검,7,95017,최민준,완료
EQ0204,2024-01-19,사후정비,청소 및 점검,2,481541,최민준,완료
EQ0204,2024-08-03,응급정비,조정 및 수리,1,257348,이영희,완료
EQ0205,2023-03-21,사후정비,조정 및 수리,1,393865,정수현,완료
EQ0205,2023-11-21,응급정비,윤활유 교체,4,222651,정수현,완료
EQ0205,2024-02-07,응급정비,청소 및 점검,7,447696,최민준,완료
EQ0205,2024-03-31,사후정비,부품 교체,1,463665,박준호,완료
EQ0205,2024-06-07,예방정비,전기 점검,5,300898,정수현,완료
EQ0205,2024-07-13,개선정비,전기 점검,5,465242,김철수,예정
EQ0206,2023-02-27,사후정비,윤활유 교체,5,185037,정수현,완료
EQ0206,2023-03-19,예방정비,청소 및 점검,5,437678,최민준,완료
EQ0206,2023-11-15,개선정비,전기 점검,4,377466,박준호,완료
EQ0206,2024-02-27,사후정비,전기 점검,6,234777,박준호,완료
EQ0206,2024-07-07,응급정비,전기 점검,2,112423,정수현,진행중
EQ0207,2023-01-16,예방정비,청소 및 점검,1,462859,박준호,완료
EQ0207,2023-04-25,예방정비,조정 및 수리,7,60200,박준호,진행중
EQ0207,2023-09-28,응급정비,부품 교체,3,263559,김철수,진행중
EQ0207,2024-06-05,예방정비,전기 점검,3,233974,박준호,완료
EQ0208,2023-03-15,개선정비,전기 점검,4,291731,이영희,예정
EQ0208,2023-09-18,개선정비,전기 점검,3,449269,김철수,완료
EQ0208,2023-10-18,사후정비,부품 교체,2,193041,김철수,완료
EQ0208,2024-01-21,예방정비,청소 및 점검,4,97897,정수현,예정
EQ0208,2024-05-12,사후정비,청소 및 점검,7,426185,이영희,완료
EQ0208,2024-05-18,응급정비,전기 점검,6,470164,최민준,완료
EQ0208,2024-05-25,예방정비,청소 및 점검,4,187592,김철수,완료
EQ0209,2023-02-08,개선정비,조정 및 수리,6,228617,박준호,완료
EQ0209,2023-12-31,개선정비,전기 점검,6,228931,박준호,완료
EQ0209,2024-06-07,사후정비,부품 교체,3,287949,김철수,완료
EQ0210,2023-02-23,응급정비,부품 교체,1,261062,김철수,완료
EQ0210,2023-05-18,예방정비,윤활유 교체,1,363913,이영희,완료
EQ0210,2023-07-04,응급정비,부품 교체,4,187702,김철수,완료
EQ0210,2023-12-12,예방정비,조정 및 수리,4,269063,박준호,완료
EQ0210,2024-05-18,응급정비,부품 교체,5,86122,박준호,완료
EQ0210,2024-06-04,응급정비,청소 및 점검,1,398760,박준호,완료
EQ0211,2023-01-30,사후정비,윤활유 교체,1,182323,정수현,완료
EQ0211,2023-03-14,개선정비,조정 및 수리,3,102318,이영희,완료
EQ0211,2023-05-04,응급정비,조정 및 수리,3,372479,정수현,진행중
EQ0211,2023-05-29,응급정비,청소 및 점검,1,64101,김철수,완료
EQ0211,2023-10-31,응급정비,윤활유 교체,2,263710,정수현,완료
EQ0211,2024-01-14,예방정비,청소 및 점검,4,436726,김철수,완료
EQ0211,2024-01-15,사후정비,전기 점검,6,454223,최민준,완료
EQ0211,2024-02-06,개선정비,청소 및 점검,5,171015,박준호,완료
EQ0212,2023-04-05,예방정비,청소 및 점검,6,328147,박준호,완료
EQ0212,2023-05-30,예방정비,부품 교체,4,151495,최민준,완료
EQ0212,2023-08-06,예방정비,부품 교체,1,70655,최민준,완료
EQ0212,2023-10-06,개선정비,조정 및 수리,4,104376,이영희,완료
EQ0212,2024-04-04,개선정비,전기 점검,2,206406,최민준,완료
EQ0212,2024-05-05,예방정비,전기 점검,2,96316,최민준,완료
EQ0213,2023-07-01,개선정비,전기 점검,2,385821,이영희,완료
EQ0213,2023-08-14,개선정비,윤활유 교체,2,414159,김철수,완료
EQ0213,2023-09-19,사후정비,윤활유 교체,1,413557,정수현,완료
EQ0213,2023-10-20,응급정비,청소 및 점검,1,230338,이영희,진행중
EQ0213,2024-03-12,예방정비,조정 및 수리,7,446137,이영희,완료
EQ0213,2024-04-09,응급정비,조정 및 수리,5,430746,정수현,완료
EQ0213,2024-05-28,사후정비,윤활유 교체,1,94233,이영희,완료
EQ0213,2024-07-09,응급정비,부품 교체,7,56680,최민준,완료
EQ0214,2023-01-12,예방정비,윤활유 교체,7,475813,최민준,완료
EQ0214,2023-05-15,사후정비,전기 점검,7,222813,김철수,완료
EQ0214,2023-11-12,응급정비,조정 및 수리,4,405699,이영희,완료
EQ0214,2024-04-28,예방정비,윤활유 교체,4,242154,박준호,완료
EQ0214,2024-04-29,개선정비,청소 및 점검,2,105337,박준호,완료
EQ0214,2024-08-07,개선정비,전기 점검,7,446371,정수현,예정
EQ0215,2023-09-05,예방정비,전기 점검,2,368898,김철수,완료
EQ0215,2023-09-09,응급정비,전기 점검,5,242598,박준호,완료
EQ0215,2023-09-15,응급정비,전기 점검,1,488495,최민준,완료
EQ0215,2024-08-08,응급정비,전기 점검,6,465988,정수현,완료
EQ0216,2023-02-24,예방정비,청소 및 점검,7,71942,최민준,완료
EQ0216,2023-07-02,예방정비,윤활유 교체,3,103907,정수현,완료
EQ0216,2023-11-06,개선정비,조정 및 수리,5,254824,이영희,완료
EQ0216,2024-05-24,개선정비,부품 교체,5,416146,김철수,완료
EQ0217,2023-03-30,개선정비,청소 및 점검,7,266349,김철수,완료
EQ0217,2024-01-06,응급정비,청소 및 점검,5,331038,이영희,완료
EQ0217,2024-04-19,응급정비,윤활유 교체,5,155652,정수현,진행중
EQ0217,2024-05-10,개선정비,윤활유 교체,5,259497,이영희,완료
EQ0217,2024-06-26,예방정비,부품 교체,4,160629,이영희,완료
EQ0218,2023-07-06,사후정비,조정 및 수리,4,166135,박준호,완료
EQ0218,2023-11-02,응급정비,조정 및 수리,4,138478,최민준,완료
EQ0218,2024-05-26,개선정비,부품 교체,5,421240,이영희,완료
EQ0219,2023-05-15,사후정비,부품 교체,2,332170,박준호,완료
EQ0219,2023-09-28,예방정비,윤활유 교체,3,414103,김철수,완료
EQ0219,2024-02-06,예방정비,부품 교체,1,381972,최민준,완료
EQ0219,2024-03-02,사후정비,부품 교체,7,132455,정수현,완료
EQ0219,2024-03-15,사후정비,부품 교체,7,450685,최민준,진행중
EQ0219,2024-08-15,예방정비,청소 및 점검,5,249451,김철수,완료
EQ0220,2023-02-26,응급정비,청소 및 점검,7,395398,김철수,완료
EQ0220,2023-09-03,사후정비,부품 교체,1,251075,김철수,완료
EQ0220,2023-09-17,사후정비,조정 및 수리,4,162238,정수현,완료
EQ0221,2023-08-08,응급정비,청소 및 점검,7,260633,이영희,진행중
EQ0221,2023-09-22,개선정비,청소 및 점검,4,328835,박준호,완료
EQ0221,2024-04-20,사후정비,윤활유 교체,7,377983,최민준,완료
EQ0221,2024-06-11,응급정비,청소 및 점검,3,323370,박준호,완료
EQ0221,2024-06-12,사후정비,전기 점검,7,206185,정수현,완료
EQ0222,2023-04-25,사후정비,윤활유 교체,7,69371,정수현,완료
EQ0222,2024-05-17,예방정비,조정 및 수리,6,335129,정수현,완료
EQ0222,2024-08-12,개선정비,조정 및 수리,2,157644,정수현,완료
EQ0222,2024-08-21,응급정비,전기 점검,5,64698,정수현,완료
EQ0223,2023-06-10,예방정비,전기 점검,1,389726,박준호,완료
EQ0223,2023-07-20,개선정비,조정 및 수리,4,453384,최민준,완료
EQ0223,2023-08-13,사후정비,전기 점검,1,150887,최민준,완료
EQ0223,2024-02-06,응급정비,전기 점검,2,69646,정수현,완료
EQ0223,2024-06-04,응급정비,조정 및 수리,5,483288,최민준,완료
EQ0224,2023-03-15,응급정비,조정 및 수리,2,223895,최민준,완료
EQ0224,2023-03-23,예방정비,조정 및 수리,2,438338,정수현,완료
EQ0224,2024-01-31,예방정비,전기 점검,4,242968,이영희,완료
EQ0224,2024-06-16,사후정비,부품 교체,6,441692,김철수,완료
EQ0224,2024-07-29,예방정비,전기 점검,4,271195,이영희,완료
EQ0225,2023-05-07,사후정비,윤활유 교체,3,307608,박준호,완료
EQ0225,2023-09-24,개선정비,청소 및 점검,7,120958,박준호,완료
EQ0225,2024-03-26,예방정비,전기 점검,4,397240,이영희,완료
EQ0225,2024-07-21,예방정비,전기 점검,4,197490,박준호,완료
EQ0226,2023-03-04,사후정비,전기 점검,3,478599,최민준,진행중
EQ0226,2023-08-03,예방정비,부품 교체,1,159042,박준호,완료
EQ0226,2024-07-09,개선정비,전기 점검,4,167658,정수현,완료
EQ0227,2023-08-13,사후정비,조정 및 수리,5,399197,김철수,완료
EQ0227,2023-10-31,예방정비,전기 점검,7,420374,김철수,완료
EQ0227,2023-11-29,응급정비,부품 교체,5,231166,최민준,완료
EQ0227,2024-05-10,예방정비,부품 교체,6,201767,박준호,완료
EQ0227,2024-08-09,개선정비,부품 교체,3,492416,박준호,완료
EQ0228,2023-05-15,개선정비,조정 및 수리,4,132753,이영희,완료
EQ0228,2023-05-22,예방정비,전기 점검,3,354667,정수현,완료
EQ0228,2023-10-18,응급정비,조정 및 수리,7,319262,정수현,완료
EQ0228,2024-01-20,개선정비,조정 및 수리,6,60015,김철수,예정
EQ0229,2023-02-11,사후정비,청소 및 점검,7,218981,최민준,완료
EQ0229,2023-06-06,개선정비,윤활유 교체,2,70063,이영희,완료
EQ0229,2023-10-12,예방정비,부품 교체,4,460018,박준호,예정
EQ0229,2024-04-21,개선정비,부품 교체,4,132169,정수현,예정
EQ0229,2024-05-25,응급정비,청소 및 점검,6,272549,이영희,완료
EQ0229,2024-07-23,개선정비,윤활유 교체,6,256185,이영희,완료
EQ0229,2024-08-09,예방정비,부품 교체,5,122723,김철수,완료
EQ0230,2023-01-31,사후정비,조정 및 수리,3,167290,정수현,완료
EQ0230,2023-02-11,개선정비,윤활유 교체,2,231275,김철수,완료
EQ0230,2023-08-09,사후정비,부품 교체,7,380023,박준호,예정
EQ0230,2023-09-11,응급정비,윤활유 교체,1,97501,박준호,예정
EQ0230,2023-11-22,예방정비,부품 교체,3,400532,최민준,완료
EQ0230,2024-07-26,사후정비,청소 및 점검,1,162489,정수현,완료
EQ0230,2024-08-16,응급정비,전기 점검,4,229359,박준호,진행중
EQ0231,2023-04-09,개선정비,청소 및 점검,3,471144,정수현,진행중
EQ0231,2023-04-22,응급정비,청소 및 점검,4,249227,정수현,완료
EQ0231,2023-09-05,사후정비,전기 점검,7,57166,최민준,완료
EQ0231,2023-09-09,사후정비,전기 점검,1,461232,최민준,완료
EQ0231,2024-02-08,사후정비,청소 및 점검,3,53485,김철수,완료
EQ0231,2024-03-25,응급정비,부품 교체,1,345434,정수현,진행중
EQ0231,2024-06-24,사후정비,부품 교체,5,226353,최민준,완료
EQ0231,2024-06-25,개선정비,청소 및 점검,1,154894,김철수,완료
EQ0232,2023-04-17,개선정비,전기 점검,7,274962,이영희,완료
EQ0232,2023-10-03,예방정비,전기 점검,1,199877,박준호,완료
EQ0232,2023-11-12,예방정비,청소 및 점검,4,84328,김철수,완료
EQ0232,2023-12-14,예방정비,청소 및 점검,6,87289,김철수,진행중
EQ0232,2024-03-07,개선정비,윤활유 교체,4,197621,박준호,완료
EQ0232,2024-03-11,개선정비,윤활유 교체,1,408843,정수현,예정
EQ0232,2024-06-12,사후정비,부품 교체,6,487350,이영희,완료
EQ0233,2023-02-18,개선정비,윤활유 교체,6,224620,이영희,완료
EQ0233,2023-06-01,개선정비,전기 점검,7,244361,최민준,완료
EQ0233,2023-06-24,사후정비,부품 교체,7,105189,박준호,완료
EQ0233,2024-04-12,응급정비,윤활유 교체,5,465906,정수현,완료
EQ0233,2024-06-14,사후정비,청소 및 점검,5,398675,박준호,완료
EQ0233,2024-06-29,응급정비,전기 점검,2,454847,김철수,완료
EQ0234,2023-06-05,사후정비,부품 교체,1,319690,최민준,완료
EQ0234,2023-09-15,응급정비,전기 점검,3,431670,박준호,완료
EQ0234,2023-11-23,사후정비,청소 및 점검,4,254749,김철수,완료
EQ0234,2024-08-19,개선정비,윤활유 교체,4,60017,정수현,완료
EQ0235,2023-02-13,응급정비,전기 점검,3,270494,김철수,완료
EQ0235,2023-08-26,응급정비,윤활유 교체,5,436795,이영희,완료
EQ0235,2024-03-15,예방정비,청소 및 점검,5,467024,박준호,완료
EQ0235,2024-04-11,개선정비,윤활유 교체,3,68976,김철수,완료
EQ0235,2024-06-02,사후정비,전기 점검,1,85031,박준호,완료
EQ0235,2024-06-07,사후정비,부품 교체,5,431581,이영희,완료
EQ0235,2024-07-26,예방정비,전기 점검,5,467963,정수현,완료
EQ0236,2023-01-31,응급정비,윤활유 교체,3,162691,박준호,완료
EQ0236,2023-05-28,사후정비,조정 및 수리,2,315803,이영희,완료
EQ0236,2023-11-02,개선정비,전기 점검,4,487963,이영희,완료
EQ0236,2024-02-21,개선정비,전기 점검,5,449303,최민준,완료
EQ0236,2024-04-11,예방정비,조정 및 수리,7,448629,김철수,완료
EQ0236,2024-05-09,예방정비,윤활유 교체,6,125333,최민준,완료
EQ0236,2024-06-02,예방정비,부품 교체,7,179306,최민준,완료
EQ0236,2024-07-26,응급정비,청소 및 점검,1,455261,박준호,완료
EQ0237,2023-11-18,응급정비,전기 점검,3,143745,박준호,완료
EQ0237,2023-11-26,예방정비,전기 점검,4,438672,김철수,완료
EQ0237,2023-12-23,예방정비,부품 교체,5,289149,이영희,완료
EQ0237,2024-06-03,사후정비,전기 점검,3,196925,이영희,완료
EQ0237,2024-08-13,응급정비,조정 및 수리,4,391882,정수현,진행중
EQ0238,2023-04-11,개선정비,청소 및 점검,5,498460,정수현,완료
EQ0238,2023-05-03,사후정비,부품 교체,5,365194,정수현,완료
EQ0238,2023-08-06,응급정비,부품 교체,3,393667,정수현,완료
EQ0238,2024-01-14,예방정비,조정 및 수리,1,398222,최민준,완료
EQ0238,2024-02-11,사후정비,부품 교체,4,335554,박준호,완료
EQ0238,2024-03-09,개선정비,윤활유 교체,5,309832,박준호,예정
EQ0238,2024-05-20,개선정비,윤활유 교체,3,92956,최민준,완료
EQ0238,2024-07-16,응급정비,전기 점검,6,294778,박준호,완료
EQ0239,2023-04-27,응급정비,부품 교체,1,160002,이영희,완료
EQ0239,2023-06-24,사후정비,조정 및 수리,3,369904,정수현,완료
EQ0239,2023-07-06,응급정비,청소 및 점검,5,274916,박준호,완료
EQ0239,2023-10-07,응급정비,부품 교체,2,458642,이영희,완료
EQ0240,2024-04-26,개선정비,윤활유 교체,2,73719,정수현,완료
EQ0240,2024-07-09,사후정비,윤활유 교체,6,226863,이영희,완료
EQ0241,2023-02-11,예방정비,윤활유 교체,7,340690,최민준,완료
EQ0241,2023-05-25,응급정비,전기 점검,2,87939,최민준,완료
EQ0241,2023-06-30,예방정비,부품 교체,2,112871,김철수,완료
EQ0241,2023-12-03,예방정비,부품 교체,6,380537,정수현,완료
EQ0242,2023-01-30,예방정비,청소 및 점검,7,130345,김철수,진행중
EQ0242,2023-04-28,개선정비,전기 점검,5,174291,최민준,완료
EQ0242,2023-05-13,사후정비,윤활유 교체,7,499612,최민준,완료
EQ0242,2024-04-09,개선정비,부품 교체,3,98068,이영희,완료
EQ0243,2023-08-28,사후정비,청소 및 점검,4,140845,최민준,완료
EQ0243,2023-11-23,예방정비,조정 및 수리,4,398982,박준호,진행중
EQ0244,2023-09-13,개선정비,윤활유 교체,2,357532,정수현,완료
EQ0244,2024-04-02,사후정비,조정 및 수리,2,189362,최민준,완료
EQ0245,2023-06-23,예방정비,윤활유 교체,2,415848,김철수,완료
EQ0245,2023-10-19,개선정비,청소 및 점검,2,106373,김철수,완료
EQ0245,2024-02-26,예방정비,윤활유 교체,2,71746,이영희,완료
EQ0245,2024-04-16,예방정비,전기 점검,1,283220,정수현,진행중
EQ0245,2024-04-19,예방정비,전기 점검,4,308405,최민준,완료
EQ0245,2024-04-21,예방정비,윤활유 교체,7,118245,이영희,완료
EQ0245,2024-06-17,사후정비,조정 및 수리,1,73472,박준호,완료
EQ0246,2023-05-02,사후정비,윤활유 교체,7,182909,최민준,완료
EQ0246,2023-07-12,개선정비,전기 점검,3,70653,최민준,진행중
EQ0246,2023-11-05,예방정비,윤활유 교체,3,320873,박준호,완료
EQ0246,2024-01-25,응급정비,청소 및 점검,3,98853,김철수,완료
EQ0246,2024-02-16,응급정비,조정 및 수리,2,289135,박준호,완료
EQ0247,2023-03-20,개선정비,부품 교체,7,397885,최민준,완료
EQ0247,2023-07-31,사후정비,전기 점검,4,458148,박준호,완료
EQ0247,2023-09-28,예방정비,전기 점검,6,186718,박준호,완료
EQ0247,2024-01-07,개선정비,전기 점검,5,221149,정수현,완료
EQ0247,2024-05-01,응급정비,윤활유 교체,1,485304,이영희,완료
EQ0247,2024-06-10,예방정비,청소 및 점검,7,479235,이영희,완료
EQ0247,2024-07-18,사후정비,부품 교체,7,214085,김철수,완료
EQ0248,2023-02-21,사후정비,부품 교체,6,59152,박준호,완료
EQ0248,2024-01-09,개선정비,윤활유 교체,1,486610,이영희,완료
EQ0249,2023-01-01,예방정비,윤활유 교체,4,152895,최민준,완료
EQ0249,2023-03-01,응급정비,조정 및 수리,5,422009,정수현,완료
EQ0249,2023-12-08,개선정비,전기 점검,7,400226,박준호,완료
EQ0249,2024-03-08,개선정비,조정 및 수리,4,405536,박준호,진행중
EQ0249,2024-07-13,개선정비,조정 및 수리,7,367019,박준호,완료
EQ0249,2024-07-18,예방정비,조정 및 수리,5,216033,박준호,완료
EQ0250,2023-03-13,개선정비,부품 교체,4,93642,박준호,예정
EQ0250,2023-09-09,예방정비,윤활유 교체,7,353359,정수현,완료
EQ0250,2023-09-28,응급정비,전기 점검,2,104790,정수현,완료
EQ0250,2023-10-10,사후정비,조정 및 수리,6,312159,박준호,완료
EQ0250,2024-02-08,사후정비,윤활유 교체,2,206027,최민준,완료
EQ0250,2024-04-09,개선정비,전기 점검,1,189674,최민준,진행중
EQ0250,2024-04-11,사후정비,윤활유 교체,2,394336,박준호,진행중
EQ0250,2024-07-21,예방정비,청소 및 점검,1,414432,박준호,완료
EQ0251,2023-06-04,개선정비,조정 및 수리,3,459417,이영희,진행중
EQ0251,2023-06-17,개선정비,부품 교체,4,498015,이영희,완료
EQ0251,2023-07-29,응급정비,전기 점검,5,464436,이영희,완료
EQ0251,2023-11-09,사후정비,부품 교체,5,109405,정수현,완료
EQ0251,2024-03-10,사후정비,전기 점검,4,109040,김철수,완료
EQ0251,2024-04-04,사후정비,윤활유 교체,1,60447,정수현,완료
EQ0251,2024-06-05,예방정비,조정 및 수리,7,215047,김철수,완료
EQ0252,2023-03-10,응급정비,부품 교체,1,332724,김철수,예정
EQ0252,2023-04-06,응급정비,조정 및 수리,6,111855,김철수,진행중
EQ0252,2023-05-20,응급정비,윤활유 교체,6,430544,최민준,완료
EQ0252,2023-11-14,개선정비,전기 점검,2,308775,박준호,진행중
EQ0252,2024-01-29,개선정비,조정 및 수리,1,437877,박준호,완료
EQ0252,2024-06-25,예방정비,전기 점검,1,134581,정수현,완료
EQ0253,2023-01-28,개선정비,부품 교체,2,239809,정수현,완료
EQ0253,2023-11-17,예방정비,부품 교체,5,317097,박준호,완료
EQ0253,2024-01-18,사후정비,조정 및 수리,4,198016,이영희,예정
EQ0253,2024-04-24,예방정비,윤활유 교체,6,463999,박준호,완료
EQ0254,2023-05-15,응급정비,윤활유 교체,3,372628,정수현,완료
EQ0254,2023-06-16,사후정비,부품 교체,4,230721,최민준,완료
EQ0254,2024-03-18,응급정비,윤활유 교체,3,461333,박준호,진행중
EQ0254,2024-04-11,예방정비,조정 및 수리,3,427846,이영희,완료
EQ0254,2024-04-21,사후정비,청소 및 점검,3,190798,이영희,완료
EQ0254,2024-06-18,예방정비,전기 점검,3,333407,정수현,완료
EQ0254,2024-07-21,개선정비,부품 교체,7,126439,이영희,완료
EQ0255,2023-01-30,개선정비,조정 및 수리,5,482410,김철수,완료
EQ0255,2023-11-07,응급정비,전기 점검,1,125127,최민준,완료
EQ0255,2023-11-15,개선정비,청소 및 점검,7,263969,박준호,완료
EQ0255,2024-03-27,개선정비,청소 및 점검,4,474324,김철수,완료
EQ0255,2024-05-01,개선정비,전기 점검,4,152816,정수현,진행중
EQ0256,2023-01-06,응급정비,전기 점검,7,494007,최민준,완료
EQ0256,2023-06-03,응급정비,부품 교체,6,192462,최민준,완료
EQ0256,2023-07-26,사후정비,전기 점검,5,198038,최민준,완료
EQ0256,2023-09-05,응급정비,전기 점검,7,401314,이영희,완료
EQ0256,2023-10-11,사후정비,청소 및 점검,7,53466,최민준,완료
EQ0256,2024-05-01,예방정비,청소 및 점검,3,261920,박준호,완료
EQ0257,2023-02-18,개선정비,전기 점검,4,56283,정수현,완료
EQ0257,2023-08-19,개선정비,조정 및 수리,6,200672,박준호,진행중
EQ0257,2024-01-31,사후정비,전기 점검,6,417915,박준호,완료
EQ0257,2024-03-23,개선정비,부품 교체,1,464073,김철수,완료
EQ0257,2024-05-23,응급정비,조정 및 수리,2,53718,김철수,완료
EQ0257,2024-07-01,사후정비,전기 점검,4,254621,정수현,완료
EQ0258,2023-07-06,사후정비,전기 점검,4,94021,최민준,진행중
EQ0258,2023-08-15,개선정비,청소 및 점검,2,327560,김철수,완료
EQ0258,2024-03-09,사후정비,부품 교체,2,402622,이영희,완료
EQ0258,2024-05-09,사후정비,부품 교체,1,435726,최민준,완료
EQ0258,2024-06-07,응급정비,윤활유 교체,1,324245,박준호,진행중
EQ0259,2023-10-07,사후정비,조정 및 수리,6,406418,박준호,완료
EQ0259,2024-03-06,개선정비,부품 교체,5,206760,박준호,완료
EQ0259,2024-06-29,예방정비,청소 및 점검,4,272546,박준호,완료
EQ0260,2023-02-09,개선정비,조정 및 수리,3,187028,이영희,완료
EQ0260,2023-04-27,사후정비,조정 및 수리,3,200790,박준호,완료
EQ0260,2023-06-04,응급정비,청소 및 점검,5,99953,최민준,완료
EQ0260,2023-06-23,예방정비,조정 및 수리,7,428198,정수현,완료
EQ0260,2023-07-11,예방정비,부품 교체,2,419340,최민준,예정
EQ0260,2024-07-20,사후정비,조정 및 수리,4,249879,김철수,완료
EQ0261,2024-01-13,사후정비,윤활유 교체,5,464858,최민준,완료
EQ0261,2024-08-19,응급정비,청소 및 점검,7,221833,김철수,완료
EQ0262,2023-07-17,응급정비,청소 및 점검,1,381988,박준호,완료
EQ0262,2023-08-07,사후정비,청소 및 점검,1,119191,정수현,완료
EQ0263,2023-02-06,응급정비,전기 점검,2,344013,정수현,완료
EQ0263,2023-03-09,개선정비,윤활유 교체,2,363336,최민준,완료
EQ0263,2023-06-15,개선정비,전기 점검,6,454659,김철수,완료
EQ0263,2023-08-26,사후정비,조정 및 수리,3,237542,최민준,진행중
EQ0263,2023-08-28,개선정비,조정 및 수리,4,417622,김철수,완료
EQ0263,2024-06-22,예방정비,조정 및 수리,3,372866,정수현,완료
EQ0264,2023-04-27,사후정비,조정 및 수리,1,391865,최민준,완료
EQ0264,2023-06-07,사후정비,조정 및 수리,1,179984,이영희,완료
EQ0264,2023-08-03,개선정비,윤활유 교체,1,372456,정수현,완료
EQ0264,2023-08-20,응급정비,전기 점검,4,280644,김철수,완료
EQ0264,2024-07-20,사후정비,부품 교체,4,488946,이영희,완료
EQ0264,2024-07-21,예방정비,부품 교체,6,124531,김철수,완료
EQ0265,2023-08-26,개선정비,윤활유 교체,4,296401,박준호,완료
EQ0265,2023-12-13,예방정비,부품 교체,5,423479,정수현,완료
EQ0265,2023-12-15,응급정비,부품 교체,1,149899,박준호,완료
EQ0265,2024-01-18,개선정비,윤활유 교체,3,241116,이영희,완료
EQ0265,2024-02-26,개선정비,청소 및 점검,6,318614,최민준,완료
EQ0265,2024-07-10,예방정비,조정 및 수리,6,496967,이영희,완료
EQ0265,2024-07-28,예방정비,윤활유 교체,3,90564,정수현,완료
EQ0266,2023-06-08,개선정비,청소 및 점검,3,470731,박준호,완료
EQ0266,2023-08-11,사후정비,청소 및 점검,7,146467,이영희,완료
EQ0266,2023-09-03,예방정비,청소 및 점검,5,351366,김철수,완료
EQ0266,2023-09-04,응급정비,전기 점검,6,293783,정수현,완료
EQ0266,2023-12-25,개선정비,조정 및 수리,5,467692,정수현,진행중
EQ0266,2024-01-14,개선정비,전기 점검,6,481201,박준호,진행중
EQ0266,2024-06-07,예방정비,청소 및 점검,7,77712,이영희,완료
EQ0266,2024-06-11,예방정비,부품 교체,5,355049,정수현,완료
EQ0267,2023-01-21,개선정비,청소 및 점검,5,424315,김철수,진행중
EQ0267,2023-01-22,사후정비,전기 점검,3,313874,김철수,완료
EQ0267,2024-03-24,사후정비,전기 점검,5,435672,정수현,완료
EQ0267,2024-04-16,개선정비,전기 점검,3,420900,이영희,완료
EQ0268,2023-05-22,응급정비,부품 교체,6,159273,이영희,완료
EQ0268,2023-07-03,예방정비,윤활유 교체,5,160275,김철수,완료
EQ0268,2023-08-27,개선정비,조정 및 수리,3,110833,최민준,예정
EQ0268,2023-10-04,사후정비,전기 점검,1,65729,김철수,완료
EQ0268,2024-03-16,예방정비,조정 및 수리,6,77492,김철수,완료
EQ0268,2024-04-23,개선정비,조정 및 수리,7,387897,정수현,완료
EQ0268,2024-06-07,개선정비,조정 및 수리,4,104457,김철수,완료
EQ0269,2023-03-29,응급정비,부품 교체,2,92241,이영희,완료
EQ0269,2023-08-21,응급정비,청소 및 점검,5,266108,최민준,완료
EQ0269,2023-09-13,사후정비,윤활유 교체,7,433937,정수현,완료
EQ0269,2023-11-22,사후정비,청소 및 점검,3,458560,박준호,완료
EQ0269,2023-12-04,사후정비,청소 및 점검,6,392765,최민준,완료
EQ0269,2024-03-11,개선정비,조정 및 수리,4,78927,이영희,완료
EQ0269,2024-07-27,사후정비,부품 교체,6,208004,최민준,완료
EQ0270,2023-02-04,개선정비,윤활유 교체,2,186153,이영희,완료
EQ0270,2023-04-05,응급정비,청소 및 점검,2,55339,이영희,완료
EQ0270,2023-09-06,사후정비,청소 및 점검,3,76354,이영희,완료
EQ0270,2024-01-16,예방정비,윤활유 교체,2,144453,정수현,진행중
EQ0271,2023-03-24,예방정비,전기 점검,1,236737,정수현,완료
EQ0271,2023-05-17,개선정비,전기 점검,1,148112,이영희,완료
EQ0271,2023-06-29,개선정비,윤활유 교체,3,149859,박준호,완료
EQ0271,2023-12-14,응급정비,부품 교체,2,387816,김철수,진행중
EQ0271,2024-06-14,응급정비,전기 점검,5,65473,김철수,완료
EQ0272,2023-01-02,개선정비,조정 및 수리,2,448479,박준호,완료
EQ0272,2023-02-04,응급정비,윤활유 교체,6,138115,최민준,완료
EQ0272,2023-05-04,예방정비,윤활유 교체,4,399442,정수현,완료
EQ0272,2024-02-14,예방정비,전기 점검,2,295509,정수현,완료
EQ0272,2024-02-16,예방정비,부품 교체,7,417650,김철수,완료
EQ0272,2024-06-02,응급정비,부품 교체,6,483181,최민준,완료
EQ0272,2024-07-19,응급정비,조정 및 수리,1,222679,정수현,완료
EQ0273,2023-01-16,개선정비,윤활유 교체,1,450390,정수현,완료
EQ0273,2023-02-06,응급정비,조정 및 수리,4,254883,최민준,완료
EQ0273,2023-03-13,사후정비,청소 및 점검,6,393568,김철수,완료
EQ0273,2023-06-01,사후정비,부품 교체,1,109556,이영희,완료
EQ0273,2023-07-31,사후정비,조정 및 수리,7,270148,이영희,완료
EQ0273,2023-12-08,개선정비,전기 점검,4,77338,박준호,완료
EQ0273,2024-08-16,개선정비,청소 및 점검,1,292118,이영희,예정
EQ0274,2023-02-02,사후정비,전기 점검,3,107278,최민준,완료
EQ0274,2023-03-09,사후정비,조정 및 수리,7,311724,정수현,예정
EQ0274,2023-04-09,개선정비,전기 점검,2,325619,김철수,완료
EQ0274,2023-04-18,응급정비,윤활유 교체,1,107573,정수현,완료
EQ0274,2023-09-06,개선정비,부품 교체,6,101042,김철수,완료
EQ0274,2023-09-30,사후정비,윤활유 교체,3,253180,최민준,완료
EQ0274,2024-08-18,예방정비,조정 및 수리,2,66025,정수현,완료
EQ0275,2023-08-21,응급정비,조정 및 수리,6,94566,이영희,완료
EQ0275,2023-08-29,예방정비,청소 및 점검,3,53779,김철수,완료
EQ0275,2024-08-17,예방정비,청소 및 점검,5,317299,이영희,완료
EQ0276,2023-01-14,응급정비,청소 및 점검,1,57902,이영희,완료
EQ0276,2023-05-30,예방정비,조정 및 수리,2,69462,이영희,완료
EQ0276,2023-06-12,응급정비,부품 교체,7,76046,박준호,완료
EQ0276,2023-12-09,응급정비,조정 및 수리,7,455836,박준호,완료
EQ0276,2024-02-07,예방정비,청소 및 점검,6,370668,이영희,완료
EQ0276,2024-06-26,사후정비,윤활유 교체,2,496346,김철수,완료
EQ0277,2023-03-02,예방정비,윤활유 교체,6,67879,박준호,완료
EQ0277,2023-04-29,사후정비,전기 점검,4,324870,박준호,완료
EQ0277,2023-09-16,사후정비,윤활유 교체,3,418581,최민준,완료
EQ0277,2023-10-09,개선정비,조정 및 수리,1,394120,정수현,완료
EQ0277,2023-12-27,예방정비,윤활유 교체,5,394286,이영희,완료
EQ0277,2024-01-17,개선정비,조정 및 수리,1,166562,최민준,완료
EQ0277,2024-04-09,응급정비,조정 및 수리,5,96935,이영희,완료
EQ0277,2024-05-03,사후정비,청소 및 점검,6,120423,박준호,완료
EQ0278,2023-06-22,사후정비,부품 교체,4,219455,정수현,완료
EQ0278,2023-07-06,예방정비,청소 및 점검,3,162726,박준호,완료
EQ0278,2023-10-22,응급정비,조정 및 수리,4,335399,김철수,완료
EQ0278,2023-11-25,응급정비,조정 및 수리,6,331624,최민준,완료
EQ0278,2024-03-22,개선정비,윤활유 교체,3,382022,김철수,예정
EQ0278,2024-08-21,예방정비,청소 및 점검,4,67628,이영희,완료
EQ0279,2023-01-02,예방정비,윤활유 교체,1,318966,이영희,완료
EQ0279,2023-02-12,사후정비,전기 점검,1,121215,정수현,완료
EQ0279,2023-07-14,응급정비,윤활유 교체,1,213686,김철수,완료
EQ0279,2024-01-24,사후정비,윤활유 교체,3,156177,최민준,완료
EQ0279,2024-05-15,응급정비,조정 및 수리,4,438829,이영희,완료
EQ0279,2024-08-01,예방정비,조정 및 수리,2,418754,정수현,진행중
EQ0280,2023-03-17,사후정비,청소 및 점검,3,337580,박준호,완료
EQ0280,2024-03-22,응급정비,부품 교체,5,434841,박준호,완료
EQ0281,2023-03-13,개선정비,조정 및 수리,7,495126,김철수,완료
EQ0281,2023-06-27,응급정비,윤활유 교체,2,61551,정수현,완료
EQ0281,2023-08-05,사후정비,부품 교체,1,188969,정수현,완료
EQ0281,2023-08-06,사후정비,조정 및 수리,3,487348,김철수,완료
EQ0281,2023-12-05,사후정비,전기 점검,5,282482,이영희,완료
EQ0281,2024-06-18,응급정비,윤활유 교체,2,417181,최민준,완료
EQ0282,2023-01-01,개선정비,윤활유 교체,6,81347,최민준,진행중
EQ0282,2023-06-16,예방정비,청소 및 점검,2,432701,이영희,완료
EQ0282,2023-11-17,개선정비,전기 점검,1,232632,이영희,완료
EQ0282,2023-11-20,개선정비,전기 점검,1,468860,최민준,완료
EQ0282,2024-03-04,예방정비,부품 교체,7,189841,최민준,완료
EQ0282,2024-05-12,사후정비,조정 및 수리,4,273376,최민준,완료
EQ0283,2023-02-04,개선정비,부품 교체,4,106112,김철수,완료
EQ0283,2023-05-22,예방정비,윤활유 교체,7,148226,김철수,완료
EQ0283,2023-07-30,응급정비,전기 점검,1,74810,박준호,완료
EQ0283,2023-10-17,예방정비,청소 및 점검,6,388106,이영희,완료
EQ0283,2024-01-06,예방정비,전기 점검,2,288706,김철수,완료
EQ0284,2023-07-02,응급정비,조정 및 수리,7,288404,이영희,완료
EQ0284,2023-09-02,예방정비,부품 교체,6,240531,최민준,완료
EQ0284,2024-04-06,응급정비,전기 점검,1,488264,이영희,진행중
EQ0284,2024-06-24,예방정비,윤활유 교체,4,160803,박준호,완료
EQ0285,2023-01-06,개선정비,전기 점검,1,332984,김철수,완료
EQ0285,2023-04-10,사후정비,윤활유 교체,4,438176,박준호,진행중
EQ0285,2024-07-21,개선정비,전기 점검,1,408659,이영희,완료
EQ0286,2023-06-25,응급정비,윤활유 교체,7,78498,박준호,진행중
EQ0286,2024-01-16,예방정비,부품 교체,7,285944,정수현,완료
EQ0286,2024-04-18,예방정비,윤활유 교체,5,392523,정수현,완료
EQ0286,2024-06-25,사후정비,조정 및 수리,7,231652,최민준,완료
EQ0287,2023-09-16,개선정비,윤활유 교체,5,55988,정수현,완료
EQ0287,2023-11-27,예방정비,부품 교체,5,205992,박준호,완료
EQ0287,2023-12-12,개선정비,전기 점검,3,396202,정수현,완료
EQ0288,2023-01-21,개선정비,부품 교체,4,311982,김철수,완료
EQ0288,2023-06-07,응급정비,부품 교체,7,272364,김철수,완료
EQ0288,2024-03-31,응급정비,윤활유 교체,2,239519,박준호,진행중
EQ0288,2024-05-01,예방정비,청소 및 점검,6,377940,이영희,완료
EQ0288,2024-05-23,응급정비,전기 점검,5,346751,최민준,예정
EQ0288,2024-06-24,예방정비,부품 교체,3,459991,김철수,완료
EQ0288,2024-08-22,사후정비,윤활유 교체,1,474958,박준호,예정
EQ0289,2023-01-31,사후정비,윤활유 교체,6,67061,박준호,진행중
EQ0289,2023-03-25,개선정비,윤활유 교체,4,84146,정수현,완료
EQ0289,2023-04-02,개선정비,청소 및 점검,1,174148,정수현,완료
EQ0289,2023-06-02,응급정비,청소 및 점검,3,89212,김철수,완료
EQ0289,2023-06-14,응급정비,조정 및 수리,4,466928,박준호,완료
EQ0289,2023-12-18,사후정비,부품 교체,5,176394,이영희,완료
EQ0289,2024-01-08,응급정비,청소 및 점검,1,418531,정수현,완료
EQ0289,2024-08-09,개선정비,조정 및 수리,4,295139,정수현,예정
EQ0290,2023-03-13,사후정비,윤활유 교체,3,162490,박준호,완료
EQ0290,2023-03-28,응급정비,전기 점검,6,50392,이영희,완료
EQ0290,2023-04-23,응급정비,부품 교체,7,453613,박준호,완료
EQ0290,2023-08-21,예방정비,윤활유 교체,5,408419,이영희,진행중
EQ0290,2023-08-31,사후정비,윤활유 교체,7,121899,김철수,완료
EQ0290,2024-06-03,개선정비,부품 교체,1,391814,최민준,진행중
EQ0291,2023-07-08,예방정비,윤활유 교체,6,291983,박준호,완료
EQ0291,2023-11-25,사후정비,청소 및 점검,6,122100,김철수,완료
EQ0291,2024-01-25,사후정비,윤활유 교체,5,310160,김철수,완료
EQ0291,2024-02-04,사후정비,청소 및 점검,4,203499,김철수,완료
EQ0291,2024-02-21,예방정비,청소 및 점검,2,468457,최민준,완료
EQ0292,2023-06-04,사후정비,전기 점검,2,178013,이영희,완료
EQ0292,2023-10-13,개선정비,전기 점검,7,299800,최민준,완료
EQ0292,2023-10-28,응급정비,조정 및 수리,1,66652,정수현,완료
EQ0292,2023-12-07,응급정비,청소 및 점검,3,126682,최민준,예정
EQ0292,2024-03-14,예방정비,조정 및 수리,2,236751,최민준,완료
EQ0292,2024-03-15,응급정비,청소 및 점검,1,400834,김철수,완료
EQ0292,2024-05-02,응급정비,전기 점검,2,347302,김철수,진행중
EQ0293,2023-03-02,사후정비,조정 및 수리,2,112088,박준호,완료
EQ0293,2023-03-05,응급정비,청소 및 점검,1,201101,최민준,예정
EQ0293,2023-03-26,응급정비,전기 점검,1,325020,김철수,완료
EQ0293,2023-10-22,사후정비,부품 교체,3,138094,박준호,완료
EQ0293,2023-10-29,예방정비,전기 점검,5,413095,박준호,완료
EQ0293,2024-03-13,사후정비,부품 교체,6,152690,박준호,완료
EQ0293,2024-03-17,예방정비,조정 및 수리,4,457650,김철수,완료
EQ0293,2024-04-15,사후정비,윤활유 교체,7,155218,이영희,완료
EQ0294,2023-05-16,응급정비,부품 교체,2,456963,김철수,완료
EQ0294,2023-12-19,개선정비,윤활유 교체,3,250095,최민준,완료
EQ0294,2024-01-05,개선정비,전기 점검,7,85151,정수현,완료
EQ0295,2023-01-15,개선정비,윤활유 교체,1,190978,정수현,완료
EQ0295,2023-02-24,사후정비,부품 교체,6,239792,이영희,완료
EQ0295,2023-03-11,예방정비,부품 교체,7,208024,이영희,완료
EQ0295,2023-06-22,응급정비,청소 및 점검,2,417148,최민준,완료
EQ0295,2024-07-27,예방정비,부품 교체,6,139941,박준호,완료
EQ0296,2024-01-23,사후정비,부품 교체,2,181213,박준호,진행중
EQ0296,2024-05-03,응급정비,부품 교체,2,357200,김철수,완료
EQ0296,2024-07-23,사후정비,청소 및 점검,5,53193,박준호,완료
EQ0297,2023-05-24,사후정비,윤활유 교체,1,338613,김철수,완료
EQ0297,2023-05-24,개선정비,부품 교체,6,484100,박준호,완료
EQ0297,2023-07-06,사후정비,조정 및 수리,4,391459,정수현,진행중
EQ0297,2024-04-17,개선정비,조정 및 수리,7,479307,최민준,완료
EQ0297,2024-07-12,사후정비,전기 점검,7,271996,이영희,완료
EQ0298,2023-04-12,예방정비,청소 및 점검,1,345060,이영희,완료
EQ0298,2023-04-20,사후정비,조정 및 수리,3,428945,최민준,완료
EQ0298,2023-12-06,응급정비,전기 점검,2,262912,최민준,완료
EQ0299,2023-01-20,개선정비,청소 및 점검,3,387338,정수현,완료
EQ0299,2023-05-15,사후정비,조정 및 수리,2,336946,최민준,완료
EQ0299,2023-12-07,예방정비,조정 및 수리,5,333543,박준호,진행중
EQ0299,2024-02-10,응급정비,전기 점검,4,229184,이영희,완료
EQ0299,2024-02-20,예방정비,청소 및 점검,7,439045,김철수,완료
EQ0299,2024-05-05,개선정비,윤활유 교체,3,88178,박준호,완료
EQ0300,2023-05-24,응급정비,전기 점검,1,231423,김철수,완료
EQ0300,2023-06-29,예방정비,부품 교체,2,464829,김철수,완료
EQ0300,2023-07-10,개선정비,청소 및 점검,6,256676,김철수,완료
EQ0300,2023-11-12,응급정비,조정 및 수리,3,485694,김철수,완료
EQ0300,2024-02-10,사후정비,전기 점검,3,77941,김철수,완료
